nanopore_v1-bin.10	contig_448
nanopore_v1-bin.10	contig_2017
nanopore_v1-bin.10	contig_1226
nanopore_v1-bin.10	contig_341
nanopore_v1-bin.10	contig_366
nanopore_v1-bin.11	contig_377
nanopore_v1-bin.11	contig_1299
nanopore_v1-bin.11	contig_595
nanopore_v1-bin.11	contig_528
nanopore_v1-bin.11	contig_338
nanopore_v1-bin.11	contig_1
nanopore_v1-bin.11	contig_376
nanopore_v1-bin.11	contig_378
nanopore_v1-bin.11	contig_373
nanopore_v1-bin.11	contig_925
nanopore_v1-bin.11	contig_339
nanopore_v1-bin.11	contig_627
nanopore_v1-bin.11	contig_52
nanopore_v1-bin.11	contig_340
nanopore_v1-bin.11	contig_194
nanopore_v1-bin.11	contig_3272
nanopore_v1-bin.11	contig_228
nanopore_v1-bin.11	contig_834
nanopore_v1-bin.11	contig_54
nanopore_v1-bin.12	contig_3026
nanopore_v1-bin.12	contig_3382
nanopore_v1-bin.12	contig_1391
nanopore_v1-bin.12	contig_1815
nanopore_v1-bin.12	contig_722
nanopore_v1-bin.12	contig_3234
nanopore_v1-bin.12	contig_1290
nanopore_v1-bin.12	contig_1446
nanopore_v1-bin.12	contig_3390
nanopore_v1-bin.12	contig_1161
nanopore_v1-bin.12	contig_3515
nanopore_v1-bin.12	contig_3219
nanopore_v1-bin.12	contig_1156
nanopore_v1-bin.12	contig_1158
nanopore_v1-bin.12	contig_3487
nanopore_v1-bin.12	contig_1633
nanopore_v1-bin.12	contig_3309
nanopore_v1-bin.12	contig_1291
nanopore_v1-bin.12	contig_726
nanopore_v1-bin.12	contig_1048
nanopore_v1-bin.12	contig_1160
nanopore_v1-bin.12	contig_2380
nanopore_v1-bin.12	contig_3319
nanopore_v1-bin.12	contig_3318
nanopore_v1-bin.12	contig_1081
nanopore_v1-bin.12	contig_1292
nanopore_v1-bin.12	contig_763
nanopore_v1-bin.12	contig_1932
nanopore_v1-bin.12	contig_2179
nanopore_v1-bin.12	contig_1271
nanopore_v1-bin.12	contig_1072
nanopore_v1-bin.12	contig_1953
nanopore_v1-bin.12	contig_2221
nanopore_v1-bin.12	contig_1421
nanopore_v1-bin.12	contig_3379
nanopore_v1-bin.12	contig_3415
nanopore_v1-bin.12	contig_3009
nanopore_v1-bin.12	contig_1085
nanopore_v1-bin.12	contig_2327
nanopore_v1-bin.12	contig_3573
nanopore_v1-bin.12	contig_3308
nanopore_v1-bin.12	contig_720
nanopore_v1-bin.12	contig_723
nanopore_v1-bin.12	contig_1419
nanopore_v1-bin.12	contig_2690
nanopore_v1-bin.12	contig_719
nanopore_v1-bin.12	contig_1289
nanopore_v1-bin.12	contig_1155
nanopore_v1-bin.12	contig_3451
nanopore_v1-bin.12	contig_1159
nanopore_v1-bin.12	contig_3208
nanopore_v1-bin.12	contig_3320
nanopore_v1-bin.12	contig_721
nanopore_v1-bin.12	contig_3380
nanopore_v1-bin.12	contig_1559
nanopore_v1-bin.12	contig_3392
nanopore_v1-bin.12	contig_2052
nanopore_v1-bin.12	contig_1876
nanopore_v1-bin.12	contig_2584
nanopore_v1-bin.13	contig_3355
nanopore_v1-bin.13	contig_3364
nanopore_v1-bin.13	contig_1018
nanopore_v1-bin.13	contig_2682
nanopore_v1-bin.13	contig_3179
nanopore_v1-bin.13	contig_1699
nanopore_v1-bin.13	contig_1750
nanopore_v1-bin.13	contig_1755
nanopore_v1-bin.13	contig_1028
nanopore_v1-bin.13	contig_2876
nanopore_v1-bin.13	contig_2789
nanopore_v1-bin.13	contig_1502
nanopore_v1-bin.13	contig_3416
nanopore_v1-bin.13	contig_1647
nanopore_v1-bin.13	contig_3521
nanopore_v1-bin.13	contig_2549
nanopore_v1-bin.13	contig_1586
nanopore_v1-bin.13	contig_3074
nanopore_v1-bin.13	contig_3426
nanopore_v1-bin.13	contig_1375
nanopore_v1-bin.13	contig_3363
nanopore_v1-bin.13	contig_2073
nanopore_v1-bin.13	contig_1933
nanopore_v1-bin.13	contig_1756
nanopore_v1-bin.13	contig_1990
nanopore_v1-bin.13	contig_3498
nanopore_v1-bin.13	contig_3562
nanopore_v1-bin.13	contig_1569
nanopore_v1-bin.13	contig_2229
nanopore_v1-bin.13	contig_2257
nanopore_v1-bin.13	contig_3457
nanopore_v1-bin.13	contig_1751
nanopore_v1-bin.13	contig_3300
nanopore_v1-bin.13	contig_1871
nanopore_v1-bin.13	contig_3185
nanopore_v1-bin.13	contig_2180
nanopore_v1-bin.13	contig_2309
nanopore_v1-bin.13	contig_1941
nanopore_v1-bin.13	contig_3505
nanopore_v1-bin.13	contig_943
nanopore_v1-bin.13	contig_1087
nanopore_v1-bin.13	contig_2118
nanopore_v1-bin.13	contig_2561
nanopore_v1-bin.13	contig_3450
nanopore_v1-bin.13	contig_1027
nanopore_v1-bin.13	contig_3534
nanopore_v1-bin.13	contig_3448
nanopore_v1-bin.13	contig_1729
nanopore_v1-bin.13	contig_3409
nanopore_v1-bin.13	contig_3478
nanopore_v1-bin.13	contig_3296
nanopore_v1-bin.13	contig_1904
nanopore_v1-bin.13	contig_3537
nanopore_v1-bin.13	contig_2982
nanopore_v1-bin.13	contig_1287
nanopore_v1-bin.13	contig_788
nanopore_v1-bin.13	contig_1485
nanopore_v1-bin.13	contig_1779
nanopore_v1-bin.13	contig_2619
nanopore_v1-bin.13	contig_1438
nanopore_v1-bin.13	contig_3490
nanopore_v1-bin.13	contig_3491
nanopore_v1-bin.13	contig_1504
nanopore_v1-bin.13	contig_1991
nanopore_v1-bin.13	contig_3504
nanopore_v1-bin.13	contig_3295
nanopore_v1-bin.13	contig_1286
nanopore_v1-bin.13	contig_3199
nanopore_v1-bin.13	contig_3403
nanopore_v1-bin.13	contig_2315
nanopore_v1-bin.13	contig_2862
nanopore_v1-bin.13	contig_3486
nanopore_v1-bin.13	contig_3353
nanopore_v1-bin.13	contig_1494
nanopore_v1-bin.13	contig_3436
nanopore_v1-bin.13	contig_2497
nanopore_v1-bin.13	contig_1465
nanopore_v1-bin.13	contig_2767
nanopore_v1-bin.13	contig_2904
nanopore_v1-bin.13	contig_2472
nanopore_v1-bin.13	contig_3503
nanopore_v1-bin.13	contig_2351
nanopore_v1-bin.13	contig_1196
nanopore_v1-bin.13	contig_3434
nanopore_v1-bin.13	contig_3370
nanopore_v1-bin.13	contig_1045
nanopore_v1-bin.13	contig_3197
nanopore_v1-bin.13	contig_1168
nanopore_v1-bin.13	contig_2027
nanopore_v1-bin.13	contig_1026
nanopore_v1-bin.13	contig_1282
nanopore_v1-bin.13	contig_1225
nanopore_v1-bin.13	contig_3397
nanopore_v1-bin.13	contig_2392
nanopore_v1-bin.13	contig_3533
nanopore_v1-bin.13	contig_1051
nanopore_v1-bin.13	contig_1247
nanopore_v1-bin.13	contig_1809
nanopore_v1-bin.13	contig_3329
nanopore_v1-bin.13	contig_1731
nanopore_v1-bin.13	contig_2461
nanopore_v1-bin.13	contig_1019
nanopore_v1-bin.13	contig_2053
nanopore_v1-bin.13	contig_1817
nanopore_v1-bin.13	contig_3188
nanopore_v1-bin.13	contig_807
nanopore_v1-bin.13	contig_1730
nanopore_v1-bin.13	contig_3398
nanopore_v1-bin.13	contig_3387
nanopore_v1-bin.13	contig_3410
nanopore_v1-bin.13	contig_3354
nanopore_v1-bin.13	contig_1707
nanopore_v1-bin.13	contig_2050
nanopore_v1-bin.13	contig_2266
nanopore_v1-bin.13	contig_3383
nanopore_v1-bin.13	contig_629
nanopore_v1-bin.13	contig_3586
nanopore_v1-bin.13	contig_3479
nanopore_v1-bin.13	contig_1047
nanopore_v1-bin.13	contig_1794
nanopore_v1-bin.13	contig_3339
nanopore_v1-bin.13	contig_3582
nanopore_v1-bin.13	contig_3369
nanopore_v1-bin.13	contig_1339
nanopore_v1-bin.13	contig_1737
nanopore_v1-bin.13	contig_3200
nanopore_v1-bin.13	contig_3103
nanopore_v1-bin.13	contig_1692
nanopore_v1-bin.13	contig_3507
nanopore_v1-bin.13	contig_2950
nanopore_v1-bin.13	contig_3546
nanopore_v1-bin.13	contig_3481
nanopore_v1-bin.13	contig_3588
nanopore_v1-bin.13	contig_3321
nanopore_v1-bin.13	contig_3494
nanopore_v1-bin.13	contig_1248
nanopore_v1-bin.13	contig_3520
nanopore_v1-bin.13	contig_876
nanopore_v1-bin.13	contig_1068
nanopore_v1-bin.13	contig_1424
nanopore_v1-bin.13	contig_2592
nanopore_v1-bin.13	contig_3421
nanopore_v1-bin.13	contig_1214
nanopore_v1-bin.13	contig_2540
nanopore_v1-bin.13	contig_1144
nanopore_v1-bin.13	contig_3427
nanopore_v1-bin.13	contig_1105
nanopore_v1-bin.13	contig_3127
nanopore_v1-bin.13	contig_3322
nanopore_v1-bin.13	contig_1491
nanopore_v1-bin.13	contig_1414
nanopore_v1-bin.13	contig_2517
nanopore_v1-bin.13	contig_3477
nanopore_v1-bin.13	contig_3524
nanopore_v1-bin.13	contig_2882
nanopore_v1-bin.13	contig_1891
nanopore_v1-bin.13	contig_1822
nanopore_v1-bin.13	contig_1807
nanopore_v1-bin.13	contig_3570
nanopore_v1-bin.13	contig_3193
nanopore_v1-bin.13	contig_3310
nanopore_v1-bin.13	contig_1253
nanopore_v1-bin.13	contig_3178
nanopore_v1-bin.13	contig_3560
nanopore_v1-bin.13	contig_2750
nanopore_v1-bin.13	contig_3346
nanopore_v1-bin.13	contig_1877
nanopore_v1-bin.14	contig_1925
nanopore_v1-bin.14	contig_2590
nanopore_v1-bin.14	contig_2387
nanopore_v1-bin.14	contig_1413
nanopore_v1-bin.14	contig_2779
nanopore_v1-bin.14	contig_1118
nanopore_v1-bin.14	contig_2509
nanopore_v1-bin.14	contig_2346
nanopore_v1-bin.14	contig_2468
nanopore_v1-bin.14	contig_1726
nanopore_v1-bin.14	contig_1725
nanopore_v1-bin.14	contig_2122
nanopore_v1-bin.14	contig_3081
nanopore_v1-bin.14	contig_3226
nanopore_v1-bin.14	contig_2419
nanopore_v1-bin.14	contig_1100
nanopore_v1-bin.14	contig_2731
nanopore_v1-bin.14	contig_2228
nanopore_v1-bin.15	contig_3394
nanopore_v1-bin.15	contig_1940
nanopore_v1-bin.15	contig_829
nanopore_v1-bin.15	contig_3543
nanopore_v1-bin.15	contig_3575
nanopore_v1-bin.15	contig_1787
nanopore_v1-bin.15	contig_977
nanopore_v1-bin.15	contig_736
nanopore_v1-bin.15	contig_753
nanopore_v1-bin.15	contig_850
nanopore_v1-bin.15	contig_1632
nanopore_v1-bin.15	contig_1984
nanopore_v1-bin.15	contig_3413
nanopore_v1-bin.15	contig_3542
nanopore_v1-bin.15	contig_3396
nanopore_v1-bin.15	contig_857
nanopore_v1-bin.15	contig_1944
nanopore_v1-bin.15	contig_743
nanopore_v1-bin.15	contig_1274
nanopore_v1-bin.15	contig_3395
nanopore_v1-bin.15	contig_1580
nanopore_v1-bin.15	contig_3482
nanopore_v1-bin.15	contig_746
nanopore_v1-bin.15	contig_1230
nanopore_v1-bin.15	contig_731
nanopore_v1-bin.15	contig_854
nanopore_v1-bin.15	contig_728
nanopore_v1-bin.15	contig_1288
nanopore_v1-bin.15	contig_1300
nanopore_v1-bin.15	contig_3412
nanopore_v1-bin.15	contig_1900
nanopore_v1-bin.15	contig_944
nanopore_v1-bin.15	contig_745
nanopore_v1-bin.15	contig_742
nanopore_v1-bin.15	contig_3446
nanopore_v1-bin.15	contig_1507
nanopore_v1-bin.15	contig_1117
nanopore_v1-bin.15	contig_853
nanopore_v1-bin.15	contig_1148
nanopore_v1-bin.15	contig_735
nanopore_v1-bin.15	contig_748
nanopore_v1-bin.15	contig_730
nanopore_v1-bin.15	contig_3312
nanopore_v1-bin.15	contig_733
nanopore_v1-bin.15	contig_3526
nanopore_v1-bin.15	contig_3340
nanopore_v1-bin.15	contig_3313
nanopore_v1-bin.15	contig_2721
nanopore_v1-bin.15	contig_828
nanopore_v1-bin.15	contig_1981
nanopore_v1-bin.15	contig_738
nanopore_v1-bin.15	contig_1989
nanopore_v1-bin.15	contig_3128
nanopore_v1-bin.15	contig_2580
nanopore_v1-bin.15	contig_1088
nanopore_v1-bin.15	contig_750
nanopore_v1-bin.15	contig_752
nanopore_v1-bin.15	contig_1915
nanopore_v1-bin.15	contig_755
nanopore_v1-bin.15	contig_754
nanopore_v1-bin.15	contig_1076
nanopore_v1-bin.15	contig_751
nanopore_v1-bin.15	contig_3123
nanopore_v1-bin.15	contig_3314
nanopore_v1-bin.15	contig_1786
nanopore_v1-bin.15	contig_3496
nanopore_v1-bin.15	contig_1383
nanopore_v1-bin.15	contig_1384
nanopore_v1-bin.15	contig_848
nanopore_v1-bin.15	contig_1101
nanopore_v1-bin.15	contig_1680
nanopore_v1-bin.15	contig_749
nanopore_v1-bin.15	contig_3189
nanopore_v1-bin.15	contig_732
nanopore_v1-bin.15	contig_747
nanopore_v1-bin.15	contig_2066
nanopore_v1-bin.15	contig_1382
nanopore_v1-bin.15	contig_734
nanopore_v1-bin.15	contig_1376
nanopore_v1-bin.15	contig_1243
nanopore_v1-bin.15	contig_2219
nanopore_v1-bin.15	contig_3315
nanopore_v1-bin.15	contig_2084
nanopore_v1-bin.16	contig_2758
nanopore_v1-bin.16	contig_1146
nanopore_v1-bin.16	contig_2603
nanopore_v1-bin.16	contig_1270
nanopore_v1-bin.16	contig_3113
nanopore_v1-bin.16	contig_2230
nanopore_v1-bin.16	contig_2728
nanopore_v1-bin.16	contig_3579
nanopore_v1-bin.16	contig_1317
nanopore_v1-bin.16	contig_2799
nanopore_v1-bin.16	contig_3509
nanopore_v1-bin.16	contig_2671
nanopore_v1-bin.16	contig_2560
nanopore_v1-bin.16	contig_2563
nanopore_v1-bin.16	contig_2473
nanopore_v1-bin.16	contig_2003
nanopore_v1-bin.16	contig_1512
nanopore_v1-bin.16	contig_1939
nanopore_v1-bin.16	contig_3171
nanopore_v1-bin.16	contig_1675
nanopore_v1-bin.16	contig_934
nanopore_v1-bin.16	contig_3034
nanopore_v1-bin.16	contig_1135
nanopore_v1-bin.16	contig_1812
nanopore_v1-bin.16	contig_2774
nanopore_v1-bin.16	contig_3544
nanopore_v1-bin.16	contig_3130
nanopore_v1-bin.16	contig_2168
nanopore_v1-bin.16	contig_2328
nanopore_v1-bin.16	contig_3060
nanopore_v1-bin.16	contig_3465
nanopore_v1-bin.16	contig_3032
nanopore_v1-bin.16	contig_3205
nanopore_v1-bin.16	contig_3378
nanopore_v1-bin.16	contig_2268
nanopore_v1-bin.16	contig_2061
nanopore_v1-bin.16	contig_759
nanopore_v1-bin.16	contig_2919
nanopore_v1-bin.16	contig_1722
nanopore_v1-bin.16	contig_2070
nanopore_v1-bin.16	contig_3431
nanopore_v1-bin.16	contig_2726
nanopore_v1-bin.16	contig_2393
nanopore_v1-bin.16	contig_3386
nanopore_v1-bin.16	contig_2442
nanopore_v1-bin.16	contig_2641
nanopore_v1-bin.16	contig_1746
nanopore_v1-bin.16	contig_1975
nanopore_v1-bin.16	contig_1758
nanopore_v1-bin.16	contig_1739
nanopore_v1-bin.16	contig_3463
nanopore_v1-bin.16	contig_3035
nanopore_v1-bin.16	contig_2661
nanopore_v1-bin.16	contig_1145
nanopore_v1-bin.16	contig_3356
nanopore_v1-bin.16	contig_2825
nanopore_v1-bin.16	contig_1368
nanopore_v1-bin.16	contig_2806
nanopore_v1-bin.16	contig_1696
nanopore_v1-bin.16	contig_2797
nanopore_v1-bin.16	contig_2980
nanopore_v1-bin.16	contig_1898
nanopore_v1-bin.16	contig_1695
nanopore_v1-bin.16	contig_963
nanopore_v1-bin.16	contig_879
nanopore_v1-bin.16	contig_1215
nanopore_v1-bin.16	contig_2941
nanopore_v1-bin.16	contig_3070
nanopore_v1-bin.16	contig_1541
nanopore_v1-bin.16	contig_1496
nanopore_v1-bin.16	contig_1373
nanopore_v1-bin.16	contig_2556
nanopore_v1-bin.16	contig_3439
nanopore_v1-bin.16	contig_2602
nanopore_v1-bin.16	contig_1813
nanopore_v1-bin.16	contig_2905
nanopore_v1-bin.16	contig_2121
nanopore_v1-bin.16	contig_2772
nanopore_v1-bin.16	contig_2395
nanopore_v1-bin.16	contig_2091
nanopore_v1-bin.16	contig_1769
nanopore_v1-bin.16	contig_972
nanopore_v1-bin.16	contig_1976
nanopore_v1-bin.16	contig_1534
nanopore_v1-bin.16	contig_2002
nanopore_v1-bin.16	contig_3447
nanopore_v1-bin.16	contig_1031
nanopore_v1-bin.16	contig_2759
nanopore_v1-bin.16	contig_1856
nanopore_v1-bin.16	contig_1887
nanopore_v1-bin.16	contig_2534
nanopore_v1-bin.16	contig_2173
nanopore_v1-bin.16	contig_1475
nanopore_v1-bin.16	contig_2861
nanopore_v1-bin.16	contig_2148
nanopore_v1-bin.16	contig_3088
nanopore_v1-bin.16	contig_1069
nanopore_v1-bin.16	contig_1581
nanopore_v1-bin.16	contig_2646
nanopore_v1-bin.16	contig_3204
nanopore_v1-bin.16	contig_2223
nanopore_v1-bin.16	contig_1029
nanopore_v1-bin.16	contig_2547
nanopore_v1-bin.16	contig_3202
nanopore_v1-bin.16	contig_1762
nanopore_v1-bin.16	contig_1798
nanopore_v1-bin.16	contig_2293
nanopore_v1-bin.16	contig_3231
nanopore_v1-bin.16	contig_2482
nanopore_v1-bin.16	contig_2195
nanopore_v1-bin.16	contig_2735
nanopore_v1-bin.16	contig_3162
nanopore_v1-bin.16	contig_2161
nanopore_v1-bin.16	contig_2416
nanopore_v1-bin.17	contig_3165
nanopore_v1-bin.17	contig_1337
nanopore_v1-bin.17	contig_3224
nanopore_v1-bin.17	contig_2317
nanopore_v1-bin.17	contig_3124
nanopore_v1-bin.17	contig_1453
nanopore_v1-bin.17	contig_3550
nanopore_v1-bin.17	contig_2344
nanopore_v1-bin.17	contig_2335
nanopore_v1-bin.17	contig_1620
nanopore_v1-bin.17	contig_1452
nanopore_v1-bin.17	contig_683
nanopore_v1-bin.17	contig_3540
nanopore_v1-bin.17	contig_2306
nanopore_v1-bin.17	contig_2659
nanopore_v1-bin.17	contig_1439
nanopore_v1-bin.17	contig_3079
nanopore_v1-bin.17	contig_2369
nanopore_v1-bin.17	contig_3493
nanopore_v1-bin.17	contig_2875
nanopore_v1-bin.17	contig_3068
nanopore_v1-bin.17	contig_682
nanopore_v1-bin.17	contig_3440
nanopore_v1-bin.17	contig_3325
nanopore_v1-bin.17	contig_2154
nanopore_v1-bin.17	contig_1451
nanopore_v1-bin.17	contig_2106
nanopore_v1-bin.17	contig_3192
nanopore_v1-bin.17	contig_681
nanopore_v1-bin.17	contig_688
nanopore_v1-bin.17	contig_2867
nanopore_v1-bin.17	contig_2341
nanopore_v1-bin.17	contig_2063
nanopore_v1-bin.17	contig_2910
nanopore_v1-bin.17	contig_2111
nanopore_v1-bin.17	contig_2028
nanopore_v1-bin.17	contig_1780
nanopore_v1-bin.17	contig_3307
nanopore_v1-bin.17	contig_3030
nanopore_v1-bin.17	contig_1455
nanopore_v1-bin.17	contig_2873
nanopore_v1-bin.17	contig_1560
nanopore_v1-bin.17	contig_2432
nanopore_v1-bin.17	contig_2552
nanopore_v1-bin.17	contig_2533
nanopore_v1-bin.17	contig_2956
nanopore_v1-bin.17	contig_1403
nanopore_v1-bin.18	contig_2889
nanopore_v1-bin.18	contig_1142
nanopore_v1-bin.18	contig_3206
nanopore_v1-bin.18	contig_3399
nanopore_v1-bin.18	contig_1535
nanopore_v1-bin.18	contig_2316
nanopore_v1-bin.18	contig_1351
nanopore_v1-bin.18	contig_3454
nanopore_v1-bin.18	contig_1261
nanopore_v1-bin.18	contig_1784
nanopore_v1-bin.18	contig_1623
nanopore_v1-bin.18	contig_1301
nanopore_v1-bin.18	contig_1410
nanopore_v1-bin.18	contig_1335
nanopore_v1-bin.18	contig_984
nanopore_v1-bin.18	contig_2068
nanopore_v1-bin.18	contig_2417
nanopore_v1-bin.18	contig_986
nanopore_v1-bin.18	contig_2476
nanopore_v1-bin.18	contig_3475
nanopore_v1-bin.18	contig_961
nanopore_v1-bin.18	contig_3522
nanopore_v1-bin.18	contig_2909
nanopore_v1-bin.18	contig_1357
nanopore_v1-bin.18	contig_3151
nanopore_v1-bin.18	contig_3590
nanopore_v1-bin.18	contig_2518
nanopore_v1-bin.18	contig_1138
nanopore_v1-bin.18	contig_983
nanopore_v1-bin.18	contig_985
nanopore_v1-bin.18	contig_2321
nanopore_v1-bin.18	contig_982
nanopore_v1-bin.18	contig_3568
nanopore_v1-bin.18	contig_846
nanopore_v1-bin.18	contig_1353
nanopore_v1-bin.18	contig_1538
nanopore_v1-bin.18	contig_1875
nanopore_v1-bin.18	contig_847
nanopore_v1-bin.18	contig_3059
nanopore_v1-bin.18	contig_1143
nanopore_v1-bin.18	contig_1103
nanopore_v1-bin.18	contig_3535
nanopore_v1-bin.18	contig_1536
nanopore_v1-bin.18	contig_3428
nanopore_v1-bin.18	contig_3417
nanopore_v1-bin.18	contig_1212
nanopore_v1-bin.18	contig_1141
nanopore_v1-bin.18	contig_3338
nanopore_v1-bin.18	contig_3449
nanopore_v1-bin.18	contig_3476
nanopore_v1-bin.18	contig_2908
nanopore_v1-bin.18	contig_1929
nanopore_v1-bin.18	contig_1139
nanopore_v1-bin.18	contig_1140
nanopore_v1-bin.18	contig_3473
nanopore_v1-bin.18	contig_2469
nanopore_v1-bin.18	contig_1132
nanopore_v1-bin.18	contig_3348
nanopore_v1-bin.19	contig_423
nanopore_v1-bin.19	contig_382
nanopore_v1-bin.19	contig_422
nanopore_v1-bin.19	contig_381
nanopore_v1-bin.1	contig_921
nanopore_v1-bin.1	contig_839
nanopore_v1-bin.20	contig_770
nanopore_v1-bin.21	contig_3327
nanopore_v1-bin.21	contig_581
nanopore_v1-bin.21	contig_2365
nanopore_v1-bin.21	contig_796
nanopore_v1-bin.21	contig_1563
nanopore_v1-bin.21	contig_1003
nanopore_v1-bin.21	contig_2812
nanopore_v1-bin.21	contig_425
nanopore_v1-bin.21	contig_3350
nanopore_v1-bin.21	contig_3063
nanopore_v1-bin.21	contig_801
nanopore_v1-bin.21	contig_2493
nanopore_v1-bin.21	contig_81
nanopore_v1-bin.21	contig_798
nanopore_v1-bin.21	contig_1163
nanopore_v1-bin.21	contig_3328
nanopore_v1-bin.21	contig_2160
nanopore_v1-bin.21	contig_3092
nanopore_v1-bin.21	contig_3385
nanopore_v1-bin.21	contig_1162
nanopore_v1-bin.21	contig_107
nanopore_v1-bin.21	contig_372
nanopore_v1-bin.21	contig_1166
nanopore_v1-bin.21	contig_1411
nanopore_v1-bin.21	contig_1009
nanopore_v1-bin.21	contig_1231
nanopore_v1-bin.21	contig_3326
nanopore_v1-bin.21	contig_3161
nanopore_v1-bin.21	contig_1001
nanopore_v1-bin.21	contig_2065
nanopore_v1-bin.21	contig_2719
nanopore_v1-bin.21	contig_1987
nanopore_v1-bin.21	contig_1010
nanopore_v1-bin.21	contig_643
nanopore_v1-bin.21	contig_1151
nanopore_v1-bin.21	contig_799
nanopore_v1-bin.21	contig_1814
nanopore_v1-bin.21	contig_386
nanopore_v1-bin.21	contig_541
nanopore_v1-bin.21	contig_1000
nanopore_v1-bin.21	contig_795
nanopore_v1-bin.21	contig_3270
nanopore_v1-bin.21	contig_2274
nanopore_v1-bin.21	contig_273
nanopore_v1-bin.21	contig_3400
nanopore_v1-bin.21	contig_3581
nanopore_v1-bin.21	contig_800
nanopore_v1-bin.21	contig_1705
nanopore_v1-bin.21	contig_2803
nanopore_v1-bin.22	contig_1720
nanopore_v1-bin.22	contig_3111
nanopore_v1-bin.22	contig_2299
nanopore_v1-bin.22	contig_1921
nanopore_v1-bin.22	contig_3187
nanopore_v1-bin.22	contig_782
nanopore_v1-bin.22	contig_1443
nanopore_v1-bin.22	contig_2244
nanopore_v1-bin.22	contig_1840
nanopore_v1-bin.22	contig_1908
nanopore_v1-bin.22	contig_2684
nanopore_v1-bin.22	contig_1759
nanopore_v1-bin.22	contig_3530
nanopore_v1-bin.22	contig_3136
nanopore_v1-bin.22	contig_1314
nanopore_v1-bin.22	contig_2383
nanopore_v1-bin.22	contig_1773
nanopore_v1-bin.22	contig_3144
nanopore_v1-bin.22	contig_1130
nanopore_v1-bin.22	contig_2095
nanopore_v1-bin.22	contig_1766
nanopore_v1-bin.22	contig_2783
nanopore_v1-bin.22	contig_2801
nanopore_v1-bin.22	contig_1077
nanopore_v1-bin.22	contig_2135
nanopore_v1-bin.22	contig_1462
nanopore_v1-bin.22	contig_2523
nanopore_v1-bin.22	contig_2301
nanopore_v1-bin.22	contig_1682
nanopore_v1-bin.22	contig_1445
nanopore_v1-bin.22	contig_1537
nanopore_v1-bin.22	contig_1972
nanopore_v1-bin.22	contig_2765
nanopore_v1-bin.22	contig_565
nanopore_v1-bin.22	contig_2072
nanopore_v1-bin.22	contig_1370
nanopore_v1-bin.22	contig_3252
nanopore_v1-bin.22	contig_1407
nanopore_v1-bin.22	contig_2232
nanopore_v1-bin.22	contig_2243
nanopore_v1-bin.22	contig_2466
nanopore_v1-bin.22	contig_3402
nanopore_v1-bin.22	contig_2794
nanopore_v1-bin.22	contig_2634
nanopore_v1-bin.22	contig_3418
nanopore_v1-bin.22	contig_3377
nanopore_v1-bin.22	contig_2110
nanopore_v1-bin.22	contig_2639
nanopore_v1-bin.22	contig_1233
nanopore_v1-bin.22	contig_1890
nanopore_v1-bin.22	contig_1049
nanopore_v1-bin.22	contig_3010
nanopore_v1-bin.22	contig_1396
nanopore_v1-bin.22	contig_3438
nanopore_v1-bin.22	contig_2847
nanopore_v1-bin.22	contig_2571
nanopore_v1-bin.22	contig_2989
nanopore_v1-bin.22	contig_1366
nanopore_v1-bin.22	contig_2320
nanopore_v1-bin.22	contig_3039
nanopore_v1-bin.22	contig_3474
nanopore_v1-bin.22	contig_2730
nanopore_v1-bin.22	contig_2246
nanopore_v1-bin.22	contig_3229
nanopore_v1-bin.22	contig_298
nanopore_v1-bin.22	contig_3001
nanopore_v1-bin.22	contig_2396
nanopore_v1-bin.22	contig_2683
nanopore_v1-bin.22	contig_2952
nanopore_v1-bin.22	contig_2078
nanopore_v1-bin.22	contig_2817
nanopore_v1-bin.22	contig_1688
nanopore_v1-bin.22	contig_2239
nanopore_v1-bin.22	contig_1861
nanopore_v1-bin.22	contig_1852
nanopore_v1-bin.22	contig_3576
nanopore_v1-bin.22	contig_2079
nanopore_v1-bin.22	contig_2961
nanopore_v1-bin.22	contig_1806
nanopore_v1-bin.22	contig_1483
nanopore_v1-bin.22	contig_1645
nanopore_v1-bin.22	contig_2717
nanopore_v1-bin.22	contig_2597
nanopore_v1-bin.22	contig_2581
nanopore_v1-bin.22	contig_2402
nanopore_v1-bin.22	contig_2297
nanopore_v1-bin.22	contig_870
nanopore_v1-bin.22	contig_2128
nanopore_v1-bin.22	contig_3433
nanopore_v1-bin.22	contig_1721
nanopore_v1-bin.22	contig_3437
nanopore_v1-bin.22	contig_2451
nanopore_v1-bin.22	contig_2428
nanopore_v1-bin.22	contig_3514
nanopore_v1-bin.22	contig_1988
nanopore_v1-bin.22	contig_1704
nanopore_v1-bin.22	contig_844
nanopore_v1-bin.22	contig_2624
nanopore_v1-bin.22	contig_2968
nanopore_v1-bin.22	contig_2790
nanopore_v1-bin.22	contig_1764
nanopore_v1-bin.22	contig_564
nanopore_v1-bin.22	contig_2894
nanopore_v1-bin.22	contig_1406
nanopore_v1-bin.22	contig_2667
nanopore_v1-bin.22	contig_2307
nanopore_v1-bin.22	contig_3583
nanopore_v1-bin.22	contig_3469
nanopore_v1-bin.22	contig_1860
nanopore_v1-bin.22	contig_2608
nanopore_v1-bin.22	contig_1920
nanopore_v1-bin.22	contig_2588
nanopore_v1-bin.22	contig_2795
nanopore_v1-bin.22	contig_3156
nanopore_v1-bin.22	contig_2279
nanopore_v1-bin.22	contig_536
nanopore_v1-bin.22	contig_1833
nanopore_v1-bin.22	contig_3547
nanopore_v1-bin.22	contig_2137
nanopore_v1-bin.22	contig_1265
nanopore_v1-bin.22	contig_2621
nanopore_v1-bin.22	contig_999
nanopore_v1-bin.22	contig_802
nanopore_v1-bin.23	scaffold_1075
nanopore_v1-bin.23	contig_790
nanopore_v1-bin.23	contig_803
nanopore_v1-bin.24	contig_506
nanopore_v1-bin.24	contig_573
nanopore_v1-bin.25	contig_1481
nanopore_v1-bin.25	contig_3191
nanopore_v1-bin.25	contig_1257
nanopore_v1-bin.25	contig_1859
nanopore_v1-bin.25	contig_1788
nanopore_v1-bin.25	contig_3065
nanopore_v1-bin.25	contig_2714
nanopore_v1-bin.25	contig_2204
nanopore_v1-bin.25	contig_2444
nanopore_v1-bin.25	contig_1327
nanopore_v1-bin.25	contig_2833
nanopore_v1-bin.25	contig_2578
nanopore_v1-bin.25	contig_3357
nanopore_v1-bin.25	contig_1501
nanopore_v1-bin.25	contig_1400
nanopore_v1-bin.25	contig_3445
nanopore_v1-bin.25	contig_2152
nanopore_v1-bin.25	contig_3557
nanopore_v1-bin.25	contig_1036
nanopore_v1-bin.25	contig_2272
nanopore_v1-bin.25	contig_2829
nanopore_v1-bin.25	contig_3360
nanopore_v1-bin.25	contig_1549
nanopore_v1-bin.25	contig_2516
nanopore_v1-bin.25	contig_1063
nanopore_v1-bin.25	contig_1033
nanopore_v1-bin.25	contig_1328
nanopore_v1-bin.25	contig_2203
nanopore_v1-bin.25	contig_792
nanopore_v1-bin.25	contig_1919
nanopore_v1-bin.25	contig_858
nanopore_v1-bin.25	contig_1256
nanopore_v1-bin.25	contig_3043
nanopore_v1-bin.25	contig_3073
nanopore_v1-bin.25	contig_2304
nanopore_v1-bin.25	contig_1263
nanopore_v1-bin.25	contig_1020
nanopore_v1-bin.25	contig_3423
nanopore_v1-bin.25	contig_1034
nanopore_v1-bin.25	contig_1255
nanopore_v1-bin.25	contig_1482
nanopore_v1-bin.25	contig_1399
nanopore_v1-bin.25	contig_3080
nanopore_v1-bin.25	contig_1742
nanopore_v1-bin.25	contig_1035
nanopore_v1-bin.25	contig_2926
nanopore_v1-bin.25	contig_1409
nanopore_v1-bin.25	contig_2104
nanopore_v1-bin.25	contig_2888
nanopore_v1-bin.25	contig_2727
nanopore_v1-bin.25	contig_3038
nanopore_v1-bin.25	contig_1332
nanopore_v1-bin.25	contig_1546
nanopore_v1-bin.25	contig_3527
nanopore_v1-bin.25	contig_3158
nanopore_v1-bin.25	contig_843
nanopore_v1-bin.25	contig_1477
nanopore_v1-bin.25	contig_649
nanopore_v1-bin.25	contig_2707
nanopore_v1-bin.25	contig_3358
nanopore_v1-bin.25	contig_3359
nanopore_v1-bin.25	contig_3029
nanopore_v1-bin.25	contig_3095
nanopore_v1-bin.25	contig_1086
nanopore_v1-bin.25	contig_1710
nanopore_v1-bin.25	contig_1480
nanopore_v1-bin.25	contig_2856
nanopore_v1-bin.25	contig_3362
nanopore_v1-bin.25	contig_1716
nanopore_v1-bin.25	contig_3069
nanopore_v1-bin.25	contig_3361
nanopore_v1-bin.25	contig_1096
nanopore_v1-bin.25	contig_3031
nanopore_v1-bin.25	contig_1326
nanopore_v1-bin.25	contig_1963
nanopore_v1-bin.25	contig_842
nanopore_v1-bin.25	contig_1324
nanopore_v1-bin.25	contig_3117
nanopore_v1-bin.26	contig_241
nanopore_v1-bin.26	contig_3280
nanopore_v1-bin.26	contig_550
nanopore_v1-bin.26	contig_232
nanopore_v1-bin.26	contig_244
nanopore_v1-bin.26	contig_160
nanopore_v1-bin.26	contig_443
nanopore_v1-bin.26	contig_444
nanopore_v1-bin.26	contig_234
nanopore_v1-bin.26	contig_3241
nanopore_v1-bin.26	contig_117
nanopore_v1-bin.26	contig_147
nanopore_v1-bin.26	contig_125
nanopore_v1-bin.26	contig_1364
nanopore_v1-bin.26	contig_237
nanopore_v1-bin.26	contig_3274
nanopore_v1-bin.27	contig_1644
nanopore_v1-bin.27	contig_1262
nanopore_v1-bin.27	contig_2706
nanopore_v1-bin.27	contig_1643
nanopore_v1-bin.27	scaffold_3564
nanopore_v1-bin.27	contig_1264
nanopore_v1-bin.27	contig_2705
nanopore_v1-bin.28	contig_3297
nanopore_v1-bin.28	contig_947
nanopore_v1-bin.28	contig_3052
nanopore_v1-bin.28	contig_2171
nanopore_v1-bin.28	contig_1246
nanopore_v1-bin.28	contig_1349
nanopore_v1-bin.28	contig_2769
nanopore_v1-bin.28	contig_772
nanopore_v1-bin.28	contig_633
nanopore_v1-bin.28	contig_777
nanopore_v1-bin.28	contig_3301
nanopore_v1-bin.28	contig_779
nanopore_v1-bin.28	contig_948
nanopore_v1-bin.28	contig_964
nanopore_v1-bin.28	contig_3323
nanopore_v1-bin.28	contig_1566
nanopore_v1-bin.28	contig_1950
nanopore_v1-bin.28	contig_3497
nanopore_v1-bin.28	contig_869
nanopore_v1-bin.28	contig_778
nanopore_v1-bin.28	contig_2338
nanopore_v1-bin.29	contig_1272
nanopore_v1-bin.29	contig_3336
nanopore_v1-bin.29	contig_3306
nanopore_v1-bin.29	contig_2688
nanopore_v1-bin.29	contig_3536
nanopore_v1-bin.29	contig_1404
nanopore_v1-bin.29	contig_3467
nanopore_v1-bin.29	contig_3305
nanopore_v1-bin.29	contig_2278
nanopore_v1-bin.29	contig_2372
nanopore_v1-bin.29	contig_3511
nanopore_v1-bin.29	contig_675
nanopore_v1-bin.29	contig_1885
nanopore_v1-bin.29	contig_678
nanopore_v1-bin.29	contig_2999
nanopore_v1-bin.29	contig_1304
nanopore_v1-bin.29	contig_1322
nanopore_v1-bin.29	contig_1724
nanopore_v1-bin.29	contig_2249
nanopore_v1-bin.29	contig_2088
nanopore_v1-bin.29	contig_3462
nanopore_v1-bin.29	contig_836
nanopore_v1-bin.29	contig_727
nanopore_v1-bin.29	contig_805
nanopore_v1-bin.29	contig_2163
nanopore_v1-bin.29	contig_3500
nanopore_v1-bin.29	contig_3337
nanopore_v1-bin.29	contig_676
nanopore_v1-bin.29	contig_1495
nanopore_v1-bin.29	contig_3008
nanopore_v1-bin.29	contig_1200
nanopore_v1-bin.29	contig_791
nanopore_v1-bin.29	contig_2528
nanopore_v1-bin.29	contig_2613
nanopore_v1-bin.29	contig_2834
nanopore_v1-bin.29	contig_1686
nanopore_v1-bin.2	contig_3510
nanopore_v1-bin.2	contig_2058
nanopore_v1-bin.2	scaffold_677
nanopore_v1-bin.30	contig_3324
nanopore_v1-bin.30	contig_2596
nanopore_v1-bin.30	contig_3443
nanopore_v1-bin.31	contig_3565
nanopore_v1-bin.31	contig_2446
nanopore_v1-bin.31	contig_509
nanopore_v1-bin.31	contig_537
nanopore_v1-bin.31	contig_557
nanopore_v1-bin.31	contig_1084
nanopore_v1-bin.31	contig_177
nanopore_v1-bin.31	contig_544
nanopore_v1-bin.31	contig_545
nanopore_v1-bin.31	contig_3242
nanopore_v1-bin.31	contig_612
nanopore_v1-bin.31	contig_3278
nanopore_v1-bin.31	contig_3529
nanopore_v1-bin.31	contig_1745
nanopore_v1-bin.31	contig_585
nanopore_v1-bin.31	contig_2447
nanopore_v1-bin.31	contig_546
nanopore_v1-bin.32	contig_2438
nanopore_v1-bin.32	contig_690
nanopore_v1-bin.32	contig_2498
nanopore_v1-bin.32	contig_2281
nanopore_v1-bin.32	contig_2874
nanopore_v1-bin.32	contig_3555
nanopore_v1-bin.32	contig_2193
nanopore_v1-bin.32	contig_2059
nanopore_v1-bin.32	contig_3218
nanopore_v1-bin.32	contig_679
nanopore_v1-bin.32	contig_2764
nanopore_v1-bin.32	contig_2733
nanopore_v1-bin.32	contig_3553
nanopore_v1-bin.32	contig_2925
nanopore_v1-bin.32	contig_1402
nanopore_v1-bin.32	contig_2116
nanopore_v1-bin.32	contig_692
nanopore_v1-bin.32	contig_693
nanopore_v1-bin.32	contig_2381
nanopore_v1-bin.32	contig_2302
nanopore_v1-bin.32	contig_2055
nanopore_v1-bin.32	contig_2529
nanopore_v1-bin.32	contig_1621
nanopore_v1-bin.32	contig_2426
nanopore_v1-bin.32	contig_1905
nanopore_v1-bin.32	contig_1490
nanopore_v1-bin.32	contig_2491
nanopore_v1-bin.32	contig_935
nanopore_v1-bin.33	contig_3538
nanopore_v1-bin.33	contig_3129
nanopore_v1-bin.33	contig_3508
nanopore_v1-bin.33	contig_1050
nanopore_v1-bin.33	contig_2644
nanopore_v1-bin.33	contig_2887
nanopore_v1-bin.33	contig_2857
nanopore_v1-bin.33	contig_634
nanopore_v1-bin.33	contig_2047
nanopore_v1-bin.33	contig_1862
nanopore_v1-bin.33	contig_2796
nanopore_v1-bin.33	contig_1408
nanopore_v1-bin.33	contig_1511
nanopore_v1-bin.33	contig_2303
nanopore_v1-bin.33	contig_3176
nanopore_v1-bin.33	contig_1892
nanopore_v1-bin.33	contig_2208
nanopore_v1-bin.33	contig_1062
nanopore_v1-bin.33	contig_2915
nanopore_v1-bin.33	contig_3341
nanopore_v1-bin.33	contig_3420
nanopore_v1-bin.33	contig_1575
nanopore_v1-bin.33	contig_1974
nanopore_v1-bin.33	contig_2458
nanopore_v1-bin.33	contig_1952
nanopore_v1-bin.33	contig_3584
nanopore_v1-bin.33	contig_3371
nanopore_v1-bin.33	contig_1385
nanopore_v1-bin.33	contig_1760
nanopore_v1-bin.33	contig_1412
nanopore_v1-bin.33	contig_1437
nanopore_v1-bin.33	contig_2785
nanopore_v1-bin.33	contig_3342
nanopore_v1-bin.33	contig_1689
nanopore_v1-bin.33	contig_3516
nanopore_v1-bin.33	contig_2805
nanopore_v1-bin.33	contig_1377
nanopore_v1-bin.33	contig_3169
nanopore_v1-bin.33	contig_2147
nanopore_v1-bin.33	contig_2865
nanopore_v1-bin.33	contig_3349
nanopore_v1-bin.33	contig_1843
nanopore_v1-bin.33	contig_2845
nanopore_v1-bin.33	contig_2965
nanopore_v1-bin.33	contig_3556
nanopore_v1-bin.33	contig_2201
nanopore_v1-bin.33	contig_2119
nanopore_v1-bin.33	contig_1646
nanopore_v1-bin.33	contig_2448
nanopore_v1-bin.33	contig_3109
nanopore_v1-bin.33	contig_3254
nanopore_v1-bin.33	contig_2609
nanopore_v1-bin.33	contig_1761
nanopore_v1-bin.33	contig_2177
nanopore_v1-bin.33	contig_3146
nanopore_v1-bin.33	contig_3203
nanopore_v1-bin.33	contig_3519
nanopore_v1-bin.33	contig_1687
nanopore_v1-bin.33	contig_2178
nanopore_v1-bin.33	contig_2484
nanopore_v1-bin.33	contig_2658
nanopore_v1-bin.33	contig_1568
nanopore_v1-bin.33	contig_981
nanopore_v1-bin.33	contig_508
nanopore_v1-bin.33	contig_2382
nanopore_v1-bin.34	contig_3209
nanopore_v1-bin.34	contig_2271
nanopore_v1-bin.34	contig_1889
nanopore_v1-bin.34	contig_2752
nanopore_v1-bin.34	contig_2538
nanopore_v1-bin.34	contig_3452
nanopore_v1-bin.34	contig_2348
nanopore_v1-bin.34	contig_2837
nanopore_v1-bin.34	contig_2902
nanopore_v1-bin.34	contig_2270
nanopore_v1-bin.34	contig_1818
nanopore_v1-bin.34	contig_2967
nanopore_v1-bin.34	contig_2139
nanopore_v1-bin.34	contig_2798
nanopore_v1-bin.34	contig_2869
nanopore_v1-bin.34	contig_1510
nanopore_v1-bin.34	contig_1706
nanopore_v1-bin.34	contig_1224
nanopore_v1-bin.34	contig_1599
nanopore_v1-bin.34	contig_808
nanopore_v1-bin.34	contig_860
nanopore_v1-bin.34	contig_2250
nanopore_v1-bin.34	contig_2016
nanopore_v1-bin.34	contig_1811
nanopore_v1-bin.34	contig_1958
nanopore_v1-bin.34	contig_2109
nanopore_v1-bin.34	contig_3012
nanopore_v1-bin.34	contig_3198
nanopore_v1-bin.34	contig_3132
nanopore_v1-bin.34	contig_2368
nanopore_v1-bin.34	contig_2627
nanopore_v1-bin.34	contig_3055
nanopore_v1-bin.34	contig_2773
nanopore_v1-bin.34	contig_2255
nanopore_v1-bin.34	contig_1776
nanopore_v1-bin.34	contig_1785
nanopore_v1-bin.34	contig_2486
nanopore_v1-bin.34	contig_1025
nanopore_v1-bin.34	contig_2824
nanopore_v1-bin.34	contig_2507
nanopore_v1-bin.34	contig_2425
nanopore_v1-bin.34	contig_2531
nanopore_v1-bin.34	contig_1311
nanopore_v1-bin.34	contig_1992
nanopore_v1-bin.34	contig_1865
nanopore_v1-bin.34	contig_2127
nanopore_v1-bin.34	contig_2860
nanopore_v1-bin.34	contig_2051
nanopore_v1-bin.34	contig_1371
nanopore_v1-bin.34	contig_2166
nanopore_v1-bin.34	contig_1775
nanopore_v1-bin.35	contig_1397
nanopore_v1-bin.36	contig_2566
nanopore_v1-bin.36	contig_303
nanopore_v1-bin.36	contig_502
nanopore_v1-bin.36	contig_3244
nanopore_v1-bin.36	contig_2675
nanopore_v1-bin.36	contig_2292
nanopore_v1-bin.36	contig_956
nanopore_v1-bin.36	contig_1634
nanopore_v1-bin.36	contig_1637
nanopore_v1-bin.36	contig_521
nanopore_v1-bin.36	contig_1636
nanopore_v1-bin.36	contig_1341
nanopore_v1-bin.36	contig_403
nanopore_v1-bin.36	contig_347
nanopore_v1-bin.36	contig_526
nanopore_v1-bin.36	contig_3120
nanopore_v1-bin.36	contig_213
nanopore_v1-bin.36	contig_2102
nanopore_v1-bin.36	contig_266
nanopore_v1-bin.36	contig_3352
nanopore_v1-bin.36	contig_384
nanopore_v1-bin.36	contig_1927
nanopore_v1-bin.36	contig_1037
nanopore_v1-bin.36	contig_594
nanopore_v1-bin.36	contig_3587
nanopore_v1-bin.36	contig_525
nanopore_v1-bin.36	contig_3525
nanopore_v1-bin.36	contig_2296
nanopore_v1-bin.36	contig_464
nanopore_v1-bin.36	contig_1650
nanopore_v1-bin.36	contig_2871
nanopore_v1-bin.36	contig_401
nanopore_v1-bin.36	contig_568
nanopore_v1-bin.36	contig_1195
nanopore_v1-bin.36	contig_3466
nanopore_v1-bin.36	contig_989
nanopore_v1-bin.36	contig_1136
nanopore_v1-bin.36	contig_428
nanopore_v1-bin.36	contig_1067
nanopore_v1-bin.36	contig_388
nanopore_v1-bin.36	contig_416
nanopore_v1-bin.36	contig_519
nanopore_v1-bin.36	contig_427
nanopore_v1-bin.36	contig_1219
nanopore_v1-bin.36	contig_1874
nanopore_v1-bin.36	contig_1111
nanopore_v1-bin.36	contig_482
nanopore_v1-bin.36	contig_503
nanopore_v1-bin.36	scaffold_1635
nanopore_v1-bin.36	contig_3289
nanopore_v1-bin.36	contig_1931
nanopore_v1-bin.36	contig_512
nanopore_v1-bin.37	contig_2035
nanopore_v1-bin.37	contig_2397
nanopore_v1-bin.37	contig_636
nanopore_v1-bin.37	contig_2415
nanopore_v1-bin.37	contig_2463
nanopore_v1-bin.37	contig_1394
nanopore_v1-bin.37	contig_3499
nanopore_v1-bin.37	contig_2205
nanopore_v1-bin.37	contig_1242
nanopore_v1-bin.37	contig_962
nanopore_v1-bin.37	contig_2069
nanopore_v1-bin.37	contig_486
nanopore_v1-bin.37	contig_1677
nanopore_v1-bin.37	contig_1768
nanopore_v1-bin.37	contig_1415
nanopore_v1-bin.37	contig_3365
nanopore_v1-bin.37	contig_3168
nanopore_v1-bin.37	contig_1228
nanopore_v1-bin.37	contig_1625
nanopore_v1-bin.37	contig_695
nanopore_v1-bin.37	contig_2506
nanopore_v1-bin.37	contig_2932
nanopore_v1-bin.37	contig_1372
nanopore_v1-bin.37	contig_2709
nanopore_v1-bin.37	contig_3391
nanopore_v1-bin.37	contig_2568
nanopore_v1-bin.37	contig_2036
nanopore_v1-bin.37	contig_1584
nanopore_v1-bin.37	contig_1506
nanopore_v1-bin.37	contig_1918
nanopore_v1-bin.37	contig_604
nanopore_v1-bin.37	contig_3053
nanopore_v1-bin.37	contig_2777
nanopore_v1-bin.37	contig_353
nanopore_v1-bin.37	contig_2519
nanopore_v1-bin.37	contig_713
nanopore_v1-bin.37	contig_2832
nanopore_v1-bin.37	contig_1539
nanopore_v1-bin.37	contig_1655
nanopore_v1-bin.37	contig_1460
nanopore_v1-bin.37	contig_2696
nanopore_v1-bin.37	contig_137
nanopore_v1-bin.37	contig_1179
nanopore_v1-bin.37	contig_1114
nanopore_v1-bin.37	contig_1441
nanopore_v1-bin.37	contig_1846
nanopore_v1-bin.37	contig_1748
nanopore_v1-bin.37	contig_2120
nanopore_v1-bin.37	contig_1022
nanopore_v1-bin.37	contig_990
nanopore_v1-bin.37	contig_3552
nanopore_v1-bin.37	contig_3133
nanopore_v1-bin.37	contig_2034
nanopore_v1-bin.37	contig_2013
nanopore_v1-bin.37	contig_715
nanopore_v1-bin.37	contig_3441
nanopore_v1-bin.37	contig_1126
nanopore_v1-bin.37	contig_365
nanopore_v1-bin.37	contig_2045
nanopore_v1-bin.37	contig_673
nanopore_v1-bin.37	contig_3222
nanopore_v1-bin.37	contig_640
nanopore_v1-bin.37	contig_1770
nanopore_v1-bin.37	contig_3485
nanopore_v1-bin.37	contig_1435
nanopore_v1-bin.37	contig_809
nanopore_v1-bin.37	contig_1578
nanopore_v1-bin.37	contig_3545
nanopore_v1-bin.37	contig_1358
nanopore_v1-bin.37	contig_1690
nanopore_v1-bin.37	contig_2039
nanopore_v1-bin.37	contig_2836
nanopore_v1-bin.37	contig_2347
nanopore_v1-bin.37	contig_3286
nanopore_v1-bin.37	contig_2290
nanopore_v1-bin.37	contig_3214
nanopore_v1-bin.37	contig_1308
nanopore_v1-bin.37	contig_1319
nanopore_v1-bin.37	contig_1826
nanopore_v1-bin.37	contig_1959
nanopore_v1-bin.37	contig_540
nanopore_v1-bin.37	contig_606
nanopore_v1-bin.37	contig_2377
nanopore_v1-bin.37	contig_1374
nanopore_v1-bin.37	contig_1416
nanopore_v1-bin.37	contig_988
nanopore_v1-bin.37	contig_880
nanopore_v1-bin.37	contig_2479
nanopore_v1-bin.37	contig_1960
nanopore_v1-bin.37	contig_1528
nanopore_v1-bin.37	contig_3285
nanopore_v1-bin.37	contig_1164
nanopore_v1-bin.37	contig_2951
nanopore_v1-bin.37	contig_1401
nanopore_v1-bin.37	contig_1223
nanopore_v1-bin.37	contig_349
nanopore_v1-bin.37	contig_1530
nanopore_v1-bin.37	contig_2960
nanopore_v1-bin.37	contig_2124
nanopore_v1-bin.37	contig_2746
nanopore_v1-bin.37	contig_2202
nanopore_v1-bin.37	contig_712
nanopore_v1-bin.37	contig_1250
nanopore_v1-bin.37	contig_3186
nanopore_v1-bin.37	contig_1993
nanopore_v1-bin.37	contig_2539
nanopore_v1-bin.37	contig_786
nanopore_v1-bin.37	contig_1628
nanopore_v1-bin.37	contig_3558
nanopore_v1-bin.37	contig_954
nanopore_v1-bin.37	contig_1220
nanopore_v1-bin.37	contig_1024
nanopore_v1-bin.37	contig_2570
nanopore_v1-bin.37	contig_578
nanopore_v1-bin.37	contig_757
nanopore_v1-bin.37	contig_2075
nanopore_v1-bin.37	contig_1089
nanopore_v1-bin.37	contig_1021
nanopore_v1-bin.37	contig_2356
nanopore_v1-bin.37	contig_635
nanopore_v1-bin.37	contig_1108
nanopore_v1-bin.37	contig_2400
nanopore_v1-bin.37	contig_1043
nanopore_v1-bin.37	contig_611
nanopore_v1-bin.37	contig_2319
nanopore_v1-bin.37	contig_2562
nanopore_v1-bin.37	contig_825
nanopore_v1-bin.37	contig_397
nanopore_v1-bin.37	contig_1123
nanopore_v1-bin.38	contig_166
nanopore_v1-bin.38	contig_1318
nanopore_v1-bin.38	contig_1598
nanopore_v1-bin.38	contig_94
nanopore_v1-bin.38	contig_328
nanopore_v1-bin.38	contig_471
nanopore_v1-bin.38	contig_408
nanopore_v1-bin.38	contig_812
nanopore_v1-bin.38	contig_3258
nanopore_v1-bin.39	contig_3372
nanopore_v1-bin.39	contig_3368
nanopore_v1-bin.39	contig_1116
nanopore_v1-bin.39	contig_958
nanopore_v1-bin.39	contig_1630
nanopore_v1-bin.39	contig_1708
nanopore_v1-bin.39	contig_1218
nanopore_v1-bin.3	contig_1529
nanopore_v1-bin.3	contig_394
nanopore_v1-bin.3	contig_1531
nanopore_v1-bin.3	contig_364
nanopore_v1-bin.3	contig_395
nanopore_v1-bin.3	contig_1091
nanopore_v1-bin.3	contig_672
nanopore_v1-bin.3	contig_939
nanopore_v1-bin.3	contig_2136
nanopore_v1-bin.3	contig_810
nanopore_v1-bin.3	contig_523
nanopore_v1-bin.3	contig_522
nanopore_v1-bin.3	contig_3483
nanopore_v1-bin.3	contig_206
nanopore_v1-bin.3	contig_3271
nanopore_v1-bin.3	contig_393
nanopore_v1-bin.40	contig_2443
nanopore_v1-bin.40	contig_797
nanopore_v1-bin.40	contig_1736
nanopore_v1-bin.41	contig_1181
nanopore_v1-bin.42	contig_993
nanopore_v1-bin.42	contig_866
nanopore_v1-bin.42	contig_650
nanopore_v1-bin.42	contig_2749
nanopore_v1-bin.42	contig_667
nanopore_v1-bin.43	contig_2209
nanopore_v1-bin.43	contig_1910
nanopore_v1-bin.43	contig_1150
nanopore_v1-bin.43	contig_2044
nanopore_v1-bin.43	contig_3217
nanopore_v1-bin.43	contig_1873
nanopore_v1-bin.43	contig_2336
nanopore_v1-bin.43	contig_3078
nanopore_v1-bin.43	contig_1149
nanopore_v1-bin.43	contig_2911
nanopore_v1-bin.43	contig_551
nanopore_v1-bin.43	contig_1170
nanopore_v1-bin.43	contig_466
nanopore_v1-bin.43	contig_1986
nanopore_v1-bin.43	contig_2710
nanopore_v1-bin.43	contig_3084
nanopore_v1-bin.43	contig_3085
nanopore_v1-bin.43	contig_2884
nanopore_v1-bin.43	contig_455
nanopore_v1-bin.43	contig_2544
nanopore_v1-bin.43	contig_1365
nanopore_v1-bin.43	contig_1449
nanopore_v1-bin.43	contig_1359
nanopore_v1-bin.43	contig_357
nanopore_v1-bin.43	contig_1878
nanopore_v1-bin.43	contig_3023
nanopore_v1-bin.43	contig_2953
nanopore_v1-bin.43	contig_1791
nanopore_v1-bin.43	contig_1165
nanopore_v1-bin.43	contig_2840
nanopore_v1-bin.43	contig_1080
nanopore_v1-bin.43	contig_3551
nanopore_v1-bin.43	contig_433
nanopore_v1-bin.43	contig_599
nanopore_v1-bin.43	contig_2685
nanopore_v1-bin.43	contig_3458
nanopore_v1-bin.43	contig_3184
nanopore_v1-bin.43	contig_2912
nanopore_v1-bin.43	contig_2041
nanopore_v1-bin.43	contig_1778
nanopore_v1-bin.43	contig_1267
nanopore_v1-bin.43	contig_2987
nanopore_v1-bin.43	contig_1122
nanopore_v1-bin.43	contig_2404
nanopore_v1-bin.43	contig_2515
nanopore_v1-bin.43	contig_3407
nanopore_v1-bin.43	contig_1914
nanopore_v1-bin.43	contig_3367
nanopore_v1-bin.43	contig_1269
nanopore_v1-bin.43	contig_1743
nanopore_v1-bin.43	contig_1582
nanopore_v1-bin.43	contig_1564
nanopore_v1-bin.43	contig_1803
nanopore_v1-bin.43	contig_3003
nanopore_v1-bin.43	contig_2780
nanopore_v1-bin.43	contig_3404
nanopore_v1-bin.43	contig_2462
nanopore_v1-bin.43	contig_2594
nanopore_v1-bin.43	contig_1285
nanopore_v1-bin.43	contig_1112
nanopore_v1-bin.43	contig_2548
nanopore_v1-bin.43	contig_1284
nanopore_v1-bin.43	contig_3406
nanopore_v1-bin.43	contig_419
nanopore_v1-bin.43	contig_2210
nanopore_v1-bin.43	contig_1713
nanopore_v1-bin.43	contig_2504
nanopore_v1-bin.43	contig_2723
nanopore_v1-bin.43	contig_1505
nanopore_v1-bin.43	contig_1266
nanopore_v1-bin.43	contig_1903
nanopore_v1-bin.43	contig_1457
nanopore_v1-bin.43	contig_3405
nanopore_v1-bin.43	contig_1911
nanopore_v1-bin.43	contig_2622
nanopore_v1-bin.43	contig_2367
nanopore_v1-bin.43	contig_2660
nanopore_v1-bin.44	contig_336
nanopore_v1-bin.4	contig_674
nanopore_v1-bin.4	contig_1398
nanopore_v1-bin.4	contig_2220
nanopore_v1-bin.4	contig_1795
nanopore_v1-bin.4	contig_1872
nanopore_v1-bin.4	contig_630
nanopore_v1-bin.4	contig_3435
nanopore_v1-bin.5	contig_405
nanopore_v1-bin.5	contig_368
nanopore_v1-bin.5	contig_3246
nanopore_v1-bin.5	contig_1005
nanopore_v1-bin.5	contig_355
nanopore_v1-bin.5	contig_1356
nanopore_v1-bin.5	contig_3268
nanopore_v1-bin.5	contig_1107
nanopore_v1-bin.5	contig_406
nanopore_v1-bin.5	contig_261
nanopore_v1-bin.5	contig_404
nanopore_v1-bin.5	contig_497
nanopore_v1-bin.5	contig_432
nanopore_v1-bin.6	contig_1701
nanopore_v1-bin.6	contig_2643
nanopore_v1-bin.6	contig_2142
nanopore_v1-bin.6	contig_1466
nanopore_v1-bin.6	contig_3110
nanopore_v1-bin.6	contig_2753
nanopore_v1-bin.6	contig_3062
nanopore_v1-bin.6	contig_1613
nanopore_v1-bin.6	contig_2768
nanopore_v1-bin.6	contig_3042
nanopore_v1-bin.6	contig_2541
nanopore_v1-bin.6	contig_2855
nanopore_v1-bin.6	contig_2793
nanopore_v1-bin.6	contig_2005
nanopore_v1-bin.6	contig_3017
nanopore_v1-bin.6	contig_1926
nanopore_v1-bin.6	contig_2308
nanopore_v1-bin.6	contig_2057
nanopore_v1-bin.6	contig_2918
nanopore_v1-bin.6	contig_3207
nanopore_v1-bin.6	contig_1834
nanopore_v1-bin.6	contig_1837
nanopore_v1-bin.6	contig_1998
nanopore_v1-bin.6	contig_1835
nanopore_v1-bin.6	contig_2227
nanopore_v1-bin.6	contig_1542
nanopore_v1-bin.6	contig_3228
nanopore_v1-bin.6	contig_2174
nanopore_v1-bin.6	contig_2004
nanopore_v1-bin.6	contig_2015
nanopore_v1-bin.6	contig_644
nanopore_v1-bin.6	contig_1498
nanopore_v1-bin.6	contig_1830
nanopore_v1-bin.6	contig_1831
nanopore_v1-bin.6	contig_1343
nanopore_v1-bin.6	contig_1499
nanopore_v1-bin.6	contig_1558
nanopore_v1-bin.6	contig_3561
nanopore_v1-bin.7	contig_1509
nanopore_v1-bin.7	contig_1777
nanopore_v1-bin.7	contig_2322
nanopore_v1-bin.7	contig_2677
nanopore_v1-bin.7	contig_3492
nanopore_v1-bin.7	contig_1587
nanopore_v1-bin.7	contig_2913
nanopore_v1-bin.7	contig_3138
nanopore_v1-bin.7	contig_2289
nanopore_v1-bin.7	contig_2787
nanopore_v1-bin.7	contig_2853
nanopore_v1-bin.7	contig_2587
nanopore_v1-bin.7	contig_1948
nanopore_v1-bin.7	contig_2990
nanopore_v1-bin.7	contig_1260
nanopore_v1-bin.7	contig_2573
nanopore_v1-bin.7	contig_1167
nanopore_v1-bin.7	contig_2029
nanopore_v1-bin.7	contig_1152
nanopore_v1-bin.7	contig_1572
nanopore_v1-bin.7	contig_3148
nanopore_v1-bin.7	contig_1489
nanopore_v1-bin.7	contig_3153
nanopore_v1-bin.7	contig_2352
nanopore_v1-bin.7	contig_1674
nanopore_v1-bin.7	contig_2253
nanopore_v1-bin.7	contig_2200
nanopore_v1-bin.7	contig_2175
nanopore_v1-bin.7	contig_1153
nanopore_v1-bin.7	contig_2225
nanopore_v1-bin.7	contig_2471
nanopore_v1-bin.7	contig_3442
nanopore_v1-bin.7	contig_2394
nanopore_v1-bin.7	contig_2074
nanopore_v1-bin.7	contig_1316
nanopore_v1-bin.7	contig_2502
nanopore_v1-bin.7	contig_1641
nanopore_v1-bin.7	contig_1545
nanopore_v1-bin.7	contig_787
nanopore_v1-bin.7	contig_3194
nanopore_v1-bin.7	contig_1801
nanopore_v1-bin.7	contig_1790
nanopore_v1-bin.7	contig_1916
nanopore_v1-bin.7	contig_987
nanopore_v1-bin.7	contig_2815
nanopore_v1-bin.7	contig_2273
nanopore_v1-bin.7	contig_3232
nanopore_v1-bin.7	contig_3072
nanopore_v1-bin.7	contig_2954
nanopore_v1-bin.7	contig_2958
nanopore_v1-bin.7	contig_3183
nanopore_v1-bin.7	contig_2885
nanopore_v1-bin.7	contig_1804
nanopore_v1-bin.7	contig_2433
nanopore_v1-bin.7	contig_1422
nanopore_v1-bin.7	contig_3225
nanopore_v1-bin.7	contig_2962
nanopore_v1-bin.7	contig_2499
nanopore_v1-bin.7	contig_2513
nanopore_v1-bin.7	contig_2520
nanopore_v1-bin.7	contig_2922
nanopore_v1-bin.7	contig_3061
nanopore_v1-bin.7	contig_1622
nanopore_v1-bin.7	contig_1297
nanopore_v1-bin.7	contig_2633
nanopore_v1-bin.7	contig_1513
nanopore_v1-bin.7	contig_1008
nanopore_v1-bin.7	contig_2778
nanopore_v1-bin.7	contig_2678
nanopore_v1-bin.7	contig_1957
nanopore_v1-bin.7	contig_2215
nanopore_v1-bin.7	contig_3105
nanopore_v1-bin.7	contig_1946
nanopore_v1-bin.7	contig_1999
nanopore_v1-bin.7	contig_1007
nanopore_v1-bin.8	contig_2460
nanopore_v1-bin.8	contig_3502
nanopore_v1-bin.9	contig_3430
nanopore_v1-bin.9	contig_204
nanopore_v1-bin.9	contig_371
nanopore_v1-bin.9	contig_463
nanopore_v1-bin.9	contig_424
nanopore_v1-bin.9	contig_367
nanopore_v1-bin.9	contig_3237
nanopore_v1-bin.9	contig_1240
nanopore_v1-bin.9	contig_354
nanopore_v1-bin.9	contig_784
nanopore_v1-bin.9	contig_383
nanopore_v1-bin.9	contig_597
nanopore_v1-bin.9	contig_179
nanopore_v1-bin.9	contig_398
nanopore_v1-bin.9	contig_1555
nanopore_v1-bin.9	contig_917
nanopore_v1-bin.9	contig_3048
nanopore_v1-bin.9	contig_3453
