Bin_10-contigs	contig_803
Bin_10-contigs	contig_839
Bin_10-contigs	contig_921
Bin_10-contigs	scaffold_1075
Bin_10-contigs	contig_989
Bin_10-contigs	contig_790
Bin_10-contigs	contig_992
Bin_11-contigs	contig_866
Bin_11-contigs	contig_654
Bin_11-contigs	contig_1067
Bin_11-contigs	contig_993
Bin_11-contigs	contig_645
Bin_11-contigs	contig_1492
Bin_11-contigs	contig_818
Bin_11-contigs	contig_2749
Bin_11-contigs	contig_2655
Bin_11-contigs	contig_1169
Bin_11-contigs	contig_1137
Bin_11-contigs	contig_819
Bin_11-contigs	contig_650
Bin_11-contigs	contig_998
Bin_11-contigs	contig_667
Bin_11-contigs	contig_2262
Bin_11-contigs	contig_820
Bin_11-contigs	contig_656
Bin_11-contigs	contig_2108
Bin_11-contigs	contig_3330
Bin_11-contigs	contig_1066
Bin_11-contigs	contig_658
Bin_11-contigs	contig_1037
Bin_11-contigs	contig_3331
Bin_11-contigs	contig_1071
Bin_11-contigs	contig_2265
Bin_11-contigs	contig_1078
Bin_11-contigs	contig_3294
Bin_11-contigs	contig_1195
Bin_11-contigs	contig_823
Bin_11-contigs	contig_657
Bin_13_10-contigs	contig_1754
Bin_13_10-contigs	contig_638
Bin_13_10-contigs	contig_2259
Bin_13_10-contigs	contig_1676
Bin_13_10-contigs	contig_2347
Bin_13_10-contigs	contig_2923
Bin_13_10-contigs	contig_294
Bin_13_10-contigs	contig_3567
Bin_13_10-contigs	contig_3290
Bin_13_10-contigs	contig_2013
Bin_13_10-contigs	contig_1677
Bin_13_10-contigs	contig_1126
Bin_13_10-contigs	contig_3287
Bin_13_10-contigs	contig_1628
Bin_13_10-contigs	contig_3571
Bin_13_10-contigs	contig_3222
Bin_13_10-contigs	contig_663
Bin_13_10-contigs	contig_578
Bin_13_10-contigs	contig_2709
Bin_13_10-contigs	contig_2479
Bin_13_10-contigs	contig_1679
Bin_13_10-contigs	contig_1387
Bin_13_10-contigs	contig_1826
Bin_13_10-contigs	contig_3096
Bin_13_10-contigs	contig_635
Bin_13_10-contigs	contig_1021
Bin_13_10-contigs	contig_1783
Bin_13_10-contigs	contig_2415
Bin_13_10-contigs	contig_1748
Bin_13_10-contigs	contig_3076
Bin_13_10-contigs	contig_1319
Bin_13_10-contigs	contig_1869
Bin_13_10-contigs	contig_2361
Bin_13_10-contigs	contig_3164
Bin_13_10-contigs	contig_1220
Bin_13_10-contigs	contig_3033
Bin_13_10-contigs	contig_880
Bin_13_10-contigs	contig_2899
Bin_13_10-contigs	contig_2242
Bin_13_10-contigs	contig_2771
Bin_13_10-contigs	contig_1678
Bin_13_10-contigs	contig_973
Bin_13_10-contigs	contig_662
Bin_13_10-contigs	contig_3116
Bin_13_10-contigs	contig_962
Bin_13_10-contigs	contig_2836
Bin_13_10-contigs	contig_2075
Bin_13_10-contigs	contig_3531
Bin_13_10-contigs	contig_665
Bin_13_11-contigs	contig_2623
Bin_13_11-contigs	contig_2439
Bin_13_11-contigs	contig_2679
Bin_13_11-contigs	contig_1882
Bin_13_11-contigs	contig_2489
Bin_13_11-contigs	contig_2490
Bin_13_11-contigs	contig_3028
Bin_13_11-contigs	contig_2694
Bin_13_11-contigs	contig_3006
Bin_13_11-contigs	contig_2488
Bin_13_11-contigs	contig_2676
Bin_13_11-contigs	contig_3154
Bin_13_11-contigs	contig_1894
Bin_13_11-contigs	contig_2420
Bin_13_11-contigs	contig_1867
Bin_13_11-contigs	contig_3131
Bin_13_11-contigs	contig_2983
Bin_13_11-contigs	contig_2842
Bin_13_11-contigs	contig_3027
Bin_13_11-contigs	contig_1825
Bin_13_11-contigs	contig_1350
Bin_13_11-contigs	contig_1561
Bin_13_11-contigs	contig_2966
Bin_13_11-contigs	contig_3067
Bin_13_11-contigs	contig_2618
Bin_13_11-contigs	contig_2582
Bin_13_11-contigs	contig_2097
Bin_13_11-contigs	contig_1474
Bin_13_11-contigs	contig_3223
Bin_13_11-contigs	contig_2665
Bin_13_11-contigs	contig_2258
Bin_13_11-contigs	contig_2813
Bin_13_11-contigs	contig_2082
Bin_13_11-contigs	contig_813
Bin_13_11-contigs	contig_2386
Bin_13_1-contigs	contig_1308
Bin_13_1-contigs	contig_2033
Bin_13_1-contigs	contig_3558
Bin_13_1-contigs	contig_1358
Bin_13_1-contigs	contig_1959
Bin_13_1-contigs	contig_3285
Bin_13_1-contigs	contig_1089
Bin_13_1-contigs	contig_352
Bin_13_1-contigs	contig_1223
Bin_13_1-contigs	contig_1394
Bin_13_1-contigs	contig_93
Bin_13_1-contigs	contig_1993
Bin_13_1-contigs	contig_809
Bin_13_1-contigs	contig_3037
Bin_13_1-contigs	contig_2045
Bin_13_1-contigs	contig_3249
Bin_13_1-contigs	contig_3168
Bin_13_1-contigs	contig_713
Bin_13_1-contigs	contig_2570
Bin_13_1-contigs	contig_369
Bin_13_1-contigs	contig_3499
Bin_13_1-contigs	contig_757
Bin_13_1-contigs	contig_572
Bin_13_1-contigs	contig_1640
Bin_13_1-contigs	contig_2519
Bin_13_1-contigs	contig_570
Bin_13_1-contigs	contig_636
Bin_13_1-contigs	contig_2506
Bin_13_1-contigs	contig_2036
Bin_13_1-contigs	contig_1108
Bin_13_1-contigs	contig_1578
Bin_13_1-contigs	contig_2932
Bin_13_1-contigs	contig_3545
Bin_13_1-contigs	contig_1179
Bin_13_1-contigs	contig_3393
Bin_13_1-contigs	contig_3133
Bin_13_1-contigs	contig_2290
Bin_13_1-contigs	contig_1006
Bin_13_1-contigs	contig_524
Bin_13_1-contigs	contig_540
Bin_13_1-contigs	contig_2562
Bin_13_1-contigs	contig_3071
Bin_13_1-contigs	contig_1690
Bin_13_1-contigs	contig_2031
Bin_13_1-contigs	contig_1460
Bin_13_1-contigs	contig_2288
Bin_13_1-contigs	contig_640
Bin_13_1-contigs	contig_1310
Bin_13_1-contigs	contig_988
Bin_13_1-contigs	contig_1827
Bin_13_1-contigs	contig_786
Bin_13_1-contigs	contig_1043
Bin_13_1-contigs	contig_2832
Bin_13_1-contigs	contig_3552
Bin_13_1-contigs	contig_3214
Bin_13_1-contigs	contig_534
Bin_13_1-contigs	contig_1250
Bin_13_1-contigs	contig_1846
Bin_13_1-contigs	contig_712
Bin_13_1-contigs	contig_3053
Bin_13_1-contigs	contig_2120
Bin_13_1-contigs	contig_673
Bin_13_1-contigs	contig_1584
Bin_13_1-contigs	contig_1960
Bin_13_1-contigs	contig_1770
Bin_13_1-contigs	contig_1918
Bin_13_1-contigs	contig_365
Bin_13_1-contigs	contig_1242
Bin_13_1-contigs	contig_1228
Bin_13_1-contigs	contig_1119
Bin_13_1-contigs	contig_606
Bin_13_1-contigs	contig_2463
Bin_13_1-contigs	contig_1416
Bin_13_1-contigs	contig_715
Bin_13_1-contigs	contig_825
Bin_13_1-contigs	contig_1123
Bin_13_1-contigs	contig_2356
Bin_13_1-contigs	contig_1415
Bin_13_1-contigs	contig_695
Bin_13_1-contigs	contig_1435
Bin_13_1-contigs	contig_349
Bin_13_1-contigs	contig_397
Bin_13_1-contigs	contig_2034
Bin_13_1-contigs	contig_3365
Bin_13_1-contigs	contig_486
Bin_13_1-contigs	contig_1401
Bin_13_1-contigs	contig_3186
Bin_13_1-contigs	contig_990
Bin_13_1-contigs	contig_2026
Bin_13_1-contigs	contig_1441
Bin_13_1-contigs	contig_1114
Bin_13_1-contigs	contig_3441
Bin_13_1-contigs	contig_2039
Bin_13_1-contigs	contig_1374
Bin_13_1-contigs	contig_1942
Bin_13_1-contigs	contig_1164
Bin_13_1-contigs	contig_2035
Bin_13_1-contigs	contig_1022
Bin_13_1-contigs	contig_2539
Bin_13_1-contigs	contig_1655
Bin_13_1-contigs	contig_604
Bin_13_1-contigs	contig_1440
Bin_13_1-contigs	contig_2400
Bin_13_1-contigs	contig_2397
Bin_13_1-contigs	contig_2319
Bin_13_1-contigs	contig_2777
Bin_13_1-contigs	contig_2205
Bin_13_1-contigs	contig_3391
Bin_13_1-contigs	contig_2345
Bin_13_1-contigs	contig_2124
Bin_13_1-contigs	contig_1506
Bin_13_1-contigs	contig_2696
Bin_13_1-contigs	contig_1530
Bin_13_1-contigs	contig_1539
Bin_13_1-contigs	contig_2377
Bin_13_1-contigs	contig_954
Bin_13_1-contigs	contig_1528
Bin_13_1-contigs	contig_2951
Bin_13_1-contigs	contig_2960
Bin_13_1-contigs	contig_2069
Bin_13_1-contigs	contig_1625
Bin_13_1-contigs	contig_1768
Bin_13_1-contigs	contig_1372
Bin_13_1-contigs	contig_2202
Bin_13_1-contigs	contig_611
Bin_13_1-contigs	contig_2284
Bin_13_1-contigs	contig_2543
Bin_13_1-contigs	contig_2568
Bin_13_1-contigs	contig_3286
Bin_13_1-contigs	contig_3485
Bin_13_1-contigs	contig_3020
Bin_13_1-contigs	contig_2897
Bin_13_2-contigs	contig_1054
Bin_13_2-contigs	contig_241
Bin_13_2-contigs	contig_117
Bin_13_2-contigs	contig_160
Bin_13_2-contigs	contig_125
Bin_13_2-contigs	contig_244
Bin_13_2-contigs	contig_234
Bin_13_2-contigs	contig_3241
Bin_13_2-contigs	contig_3461
Bin_13_2-contigs	contig_3280
Bin_13_2-contigs	contig_1601
Bin_13_2-contigs	contig_444
Bin_13_2-contigs	contig_3274
Bin_13_2-contigs	contig_3471
Bin_13_2-contigs	contig_255
Bin_13_2-contigs	contig_1600
Bin_13_2-contigs	contig_245
Bin_13_2-contigs	contig_1364
Bin_13_2-contigs	contig_1629
Bin_13_2-contigs	contig_1590
Bin_13_2-contigs	contig_59
Bin_13_3-contigs	contig_904
Bin_13_3-contigs	contig_3408
Bin_13_3-contigs	contig_2636
Bin_13_3-contigs	contig_265
Bin_13_3-contigs	contig_478
Bin_13_3-contigs	contig_1152
Bin_13_3-contigs	contig_254
Bin_13_3-contigs	contig_237
Bin_13_3-contigs	contig_263
Bin_13_3-contigs	contig_2198
Bin_13_3-contigs	contig_3257
Bin_13_3-contigs	contig_222
Bin_13_3-contigs	contig_250
Bin_13_3-contigs	contig_285
Bin_13_3-contigs	contig_1615
Bin_13_3-contigs	contig_252
Bin_13_3-contigs	contig_837
Bin_13_3-contigs	contig_1023
Bin_13_3-contigs	contig_232
Bin_13_3-contigs	contig_256
Bin_13_3-contigs	contig_1154
Bin_13_3-contigs	contig_431
Bin_13_3-contigs	contig_1508
Bin_13_3-contigs	contig_391
Bin_13_3-contigs	contig_894
Bin_13_3-contigs	contig_556
Bin_13_3-contigs	contig_440
Bin_13_3-contigs	contig_1866
Bin_13_3-contigs	contig_1393
Bin_13_3-contigs	contig_443
Bin_13_4-contigs	contig_422
Bin_13_4-contigs	contig_423
Bin_13_4-contigs	contig_381
Bin_13_4-contigs	contig_382
Bin_13_4-contigs	contig_1663
Bin_13_4-contigs	contig_380
Bin_13_5-contigs	contig_3107
Bin_13_5-contigs	contig_521
Bin_13_5-contigs	contig_354
Bin_13_5-contigs	contig_890
Bin_13_5-contigs	contig_477
Bin_13_5-contigs	contig_328
Bin_13_5-contigs	contig_3458
Bin_13_5-contigs	contig_1356
Bin_13_5-contigs	contig_918
Bin_13_5-contigs	contig_1531
Bin_13_5-contigs	contig_371
Bin_13_5-contigs	contig_1637
Bin_13_5-contigs	contig_2457
Bin_13_5-contigs	contig_895
Bin_13_5-contigs	contig_2898
Bin_13_5-contigs	contig_394
Bin_13_5-contigs	contig_53
Bin_13_5-contigs	contig_388
Bin_13_5-contigs	contig_519
Bin_13_5-contigs	contig_1201
Bin_13_5-contigs	contig_1636
Bin_13_5-contigs	contig_357
Bin_13_5-contigs	contig_1749
Bin_13_5-contigs	contig_205
Bin_13_5-contigs	contig_2263
Bin_13_5-contigs	contig_408
Bin_13_5-contigs	contig_1555
Bin_13_5-contigs	contig_401
Bin_13_5-contigs	contig_206
Bin_13_5-contigs	contig_200
Bin_13_5-contigs	contig_3267
Bin_13_5-contigs	contig_672
Bin_13_5-contigs	contig_1341
Bin_13_5-contigs	contig_199
Bin_13_5-contigs	contig_2006
Bin_13_5-contigs	contig_925
Bin_13_5-contigs	contig_393
Bin_13_5-contigs	contig_767
Bin_13_5-contigs	contig_526
Bin_13_5-contigs	contig_3237
Bin_13_5-contigs	contig_3240
Bin_13_9-contigs	contig_1473
Bin_13_9-contigs	contig_303
Bin_13_9-contigs	contig_204
Bin_13_9-contigs	contig_711
Bin_13_9-contigs	contig_1927
Bin_13_9-contigs	contig_2103
Bin_13_9-contigs	contig_2868
Bin_13_9-contigs	contig_1476
Bin_13_9-contigs	contig_342
Bin_13_9-contigs	contig_1204
Bin_13_9-contigs	contig_568
Bin_13_9-contigs	contig_476
Bin_13_9-contigs	contig_502
Bin_13_9-contigs	contig_2024
Bin_13_9-contigs	contig_3108
Bin_13_9-contigs	contig_1609
Bin_13_9-contigs	contig_515
Bin_13_9-contigs	contig_3134
Bin_13_9-contigs	contig_812
Bin_13_9-contigs	contig_3299
Bin_13_9-contigs	contig_1209
Bin_13_9-contigs	contig_1013
Bin_13_9-contigs	contig_3018
Bin_13_9-contigs	contig_191
Bin_13_9-contigs	contig_3572
Bin_13_9-contigs	contig_607
Bin_13_9-contigs	contig_671
Bin_13_9-contigs	contig_863
Bin_13_9-contigs	contig_1240
Bin_13_9-contigs	contig_2150
Bin_13_9-contigs	contig_575
Bin_13_9-contigs	contig_1208
Bin_13_9-contigs	contig_1841
Bin_13_9-contigs	contig_1338
Bin_13_9-contigs	contig_3466
Bin_13_9-contigs	contig_2136
Bin_13_9-contigs	contig_3288
Bin_13_9-contigs	contig_3236
Bin_13_9-contigs	contig_3347
Bin_13_9-contigs	contig_1595
Bin_13_9-contigs	contig_347
Bin_13_9-contigs	contig_1193
Bin_13_9-contigs	contig_346
Bin_13_9-contigs	contig_491
Bin_13_9-contigs	contig_1594
Bin_13_9-contigs	contig_639
Bin_13_9-contigs	contig_1607
Bin_13_9-contigs	contig_396
Bin_13_9-contigs	contig_955
Bin_13_9-contigs	contig_1781
Bin_13_9-contigs	contig_2501
Bin_13_9-contigs	contig_3298
Bin_13_9-contigs	contig_426
Bin_13_9-contigs	contig_499
Bin_13_9-contigs	contig_956
Bin_13_9-contigs	contig_976
Bin_13_9-contigs	contig_1203
Bin_13_9-contigs	contig_1962
Bin_13_9-contigs	contig_594
Bin_13_9-contigs	contig_1626
Bin_13_9-contigs	contig_1994
Bin_13_9-contigs	contig_1182
Bin_13_9-contigs	contig_304
Bin_13_9-contigs	contig_275
Bin_13_9-contigs	contig_994
Bin_13_9-contigs	contig_1237
Bin_13_9-contigs	contig_2159
Bin_13_9-contigs	contig_2019
Bin_13_9-contigs	contig_1909
Bin_13_9-contigs	contig_520
Bin_13_9-contigs	contig_1613
Bin_13_9-contigs	contig_516
Bin_13_9-contigs	contig_2280
Bin_13_9-contigs	contig_3159
Bin_13_9-contigs	contig_2504
Bin_13_9-contigs	contig_1226
Bin_13_9-contigs	contig_345
Bin_14-contigs	contig_2681
Bin_14-contigs	contig_3190
Bin_14-contigs	contig_2235
Bin_14-contigs	contig_3448
Bin_14-contigs	contig_1424
Bin_14-contigs	contig_1500
Bin_14-contigs	contig_3370
Bin_14-contigs	contig_3397
Bin_14-contigs	contig_1248
Bin_14-contigs	contig_2540
Bin_14-contigs	contig_1017
Bin_14-contigs	contig_3533
Bin_14-contigs	contig_3193
Bin_14-contigs	contig_1809
Bin_14-contigs	contig_3410
Bin_14-contigs	contig_3562
Bin_14-contigs	contig_3321
Bin_14-contigs	contig_2770
Bin_14-contigs	contig_3490
Bin_14-contigs	contig_3521
Bin_14-contigs	contig_3398
Bin_14-contigs	contig_3296
Bin_14-contigs	contig_1389
Bin_14-contigs	contig_1414
Bin_14-contigs	contig_3103
Bin_14-contigs	contig_3188
Bin_14-contigs	contig_2472
Bin_14-contigs	contig_1699
Bin_14-contigs	contig_3560
Bin_14-contigs	contig_876
Bin_14-contigs	contig_2896
Bin_14-contigs	contig_2315
Bin_14-contigs	contig_1502
Bin_14-contigs	contig_2982
Bin_14-contigs	contig_3094
Bin_14-contigs	contig_1877
Bin_14-contigs	contig_1026
Bin_14-contigs	contig_1692
Bin_14-contigs	contig_3450
Bin_14-contigs	contig_2876
Bin_14-contigs	contig_3387
Bin_14-contigs	contig_2257
Bin_14-contigs	contig_3524
Bin_14-contigs	contig_2883
Bin_14-contigs	contig_3507
Bin_14-contigs	contig_2053
Bin_14-contigs	contig_3409
Bin_14-contigs	contig_1225
Bin_14-contigs	contig_1105
Bin_14-contigs	contig_1933
Bin_14-contigs	contig_1375
Bin_14-contigs	contig_3310
Bin_14-contigs	contig_3477
Bin_14-contigs	contig_3127
Bin_14-contigs	contig_1028
Bin_14-contigs	contig_3588
Bin_14-contigs	contig_2689
Bin_14-contigs	contig_3369
Bin_14-contigs	contig_3494
Bin_14-contigs	contig_943
Bin_14-contigs	contig_788
Bin_14-contigs	contig_2514
Bin_14-contigs	contig_3491
Bin_14-contigs	contig_3295
Bin_14-contigs	contig_3489
Bin_14-contigs	contig_3478
Bin_14-contigs	contig_1504
Bin_14-contigs	contig_1779
Bin_14-contigs	contig_3498
Bin_14-contigs	contig_1339
Bin_14-contigs	contig_1214
Bin_14-contigs	contig_1917
Bin_14-contigs	contig_3421
Bin_14-contigs	contig_1253
Bin_14-contigs	contig_1647
Bin_14-contigs	contig_3197
Bin_14-contigs	contig_1991
Bin_14-contigs	contig_2592
Bin_14-contigs	contig_1904
Bin_14-contigs	contig_3354
Bin_14-contigs	contig_1144
Bin_14-contigs	contig_2180
Bin_14-contigs	contig_1438
Bin_14-contigs	contig_2073
Bin_14-contigs	contig_3329
Bin_14-contigs	contig_2027
Bin_14-contigs	contig_1586
Bin_14-contigs	contig_3434
Bin_14-contigs	contig_1891
Bin_14-contigs	contig_1569
Bin_14-contigs	contig_3416
Bin_14-contigs	contig_2309
Bin_14-contigs	contig_1731
Bin_14-contigs	contig_1853
Bin_14-contigs	contig_1018
Bin_14-contigs	contig_2497
Bin_14-contigs	contig_1822
Bin_14-contigs	contig_2767
Bin_14-contigs	contig_2251
Bin_14-contigs	contig_1047
Bin_14-contigs	contig_1810
Bin_14-contigs	contig_1087
Bin_14-contigs	contig_3353
Bin_14-contigs	contig_3403
Bin_14-contigs	contig_2789
Bin_14-contigs	contig_2549
Bin_14-contigs	contig_1729
Bin_14-contigs	contig_1543
Bin_14-contigs	contig_3570
Bin_14-contigs	contig_3534
Bin_14-contigs	contig_1388
Bin_14-contigs	contig_3363
Bin_14-contigs	contig_2452
Bin_14-contigs	contig_3355
Bin_14-contigs	contig_2882
Bin_14-contigs	contig_3427
Bin_14-contigs	contig_2995
Bin_14-contigs	contig_2295
Bin_14-contigs	contig_2118
Bin_14-contigs	contig_3582
Bin_14-contigs	contig_2517
Bin_14-contigs	contig_3481
Bin_14-contigs	contig_2392
Bin_14-contigs	contig_2461
Bin_14-contigs	contig_1884
Bin_14-contigs	contig_1491
Bin_14-contigs	contig_1845
Bin_14-contigs	contig_2339
Bin_14-contigs	contig_3185
Bin_14-contigs	contig_641
Bin_14-contigs	contig_3537
Bin_14-contigs	contig_3178
Bin_14-contigs	contig_1286
Bin_14-contigs	contig_1707
Bin_14-contigs	contig_3505
Bin_14-contigs	contig_1990
Bin_14-contigs	contig_3346
Bin_14-contigs	contig_3199
Bin_14-contigs	contig_1756
Bin_14-contigs	contig_1851
Bin_14-contigs	contig_3457
Bin_14-contigs	contig_1871
Bin_14-contigs	contig_2266
Bin_14-contigs	contig_1737
Bin_14-contigs	contig_2682
Bin_14-contigs	contig_3426
Bin_14-contigs	contig_3300
Bin_14-contigs	contig_1807
Bin_14-contigs	contig_2229
Bin_14-contigs	contig_3436
Bin_14-contigs	contig_1068
Bin_14-contigs	contig_2862
Bin_14-contigs	contig_3479
Bin_14-contigs	contig_1282
Bin_14-contigs	contig_1051
Bin_14-contigs	contig_1287
Bin_14-contigs	contig_629
Bin_14-contigs	contig_1465
Bin_14-contigs	contig_1019
Bin_14-contigs	contig_1794
Bin_14-contigs	contig_2916
Bin_14-contigs	contig_3503
Bin_14-contigs	contig_1817
Bin_14-contigs	contig_1213
Bin_14-contigs	contig_3520
Bin_14-contigs	contig_3586
Bin_14-contigs	contig_3322
Bin_14-contigs	contig_3383
Bin_14-contigs	contig_2804
Bin_14-contigs	contig_2950
Bin_14-contigs	contig_2651
Bin_14-contigs	contig_1027
Bin_14-contigs	contig_1494
Bin_14-contigs	contig_3015
Bin_14-contigs	contig_1751
Bin_14-contigs	contig_3486
Bin_14-contigs	contig_2904
Bin_14-contigs	contig_1045
Bin_14-contigs	contig_3504
Bin_14-contigs	contig_2050
Bin_14-contigs	contig_3179
Bin_14-contigs	contig_2351
Bin_14-contigs	contig_3339
Bin_14-contigs	contig_807
Bin_14-contigs	contig_3546
Bin_14-contigs	contig_1730
Bin_14-contigs	contig_1941
Bin_14-contigs	contig_1168
Bin_14-contigs	contig_1196
Bin_14-contigs	contig_2935
Bin_14-contigs	contig_1750
Bin_14-contigs	contig_1485
Bin_14-contigs	contig_2475
Bin_14-contigs	contig_3089
Bin_14-contigs	contig_2969
Bin_14-contigs	contig_2561
Bin_14-contigs	contig_2619
Bin_14-contigs	contig_3364
Bin_14-contigs	contig_2750
Bin_14-contigs	contig_1247
Bin_14-contigs	contig_1170
Bin_14-contigs	contig_3074
Bin_14-contigs	contig_1755
Bin_14-contigs	contig_3200
Bin_15-contigs	contig_1132
Bin_15-contigs	contig_1410
Bin_15-contigs	contig_1138
Bin_15-contigs	contig_985
Bin_15-contigs	contig_847
Bin_15-contigs	contig_1353
Bin_15-contigs	contig_3210
Bin_15-contigs	contig_3338
Bin_15-contigs	contig_3568
Bin_15-contigs	contig_1140
Bin_15-contigs	contig_2908
Bin_15-contigs	contig_841
Bin_15-contigs	contig_1538
Bin_15-contigs	contig_3151
Bin_15-contigs	contig_3473
Bin_15-contigs	contig_1536
Bin_15-contigs	contig_982
Bin_15-contigs	contig_1261
Bin_15-contigs	contig_3522
Bin_15-contigs	contig_986
Bin_15-contigs	contig_984
Bin_15-contigs	contig_1142
Bin_15-contigs	contig_1143
Bin_15-contigs	contig_3590
Bin_15-contigs	contig_1712
Bin_15-contigs	contig_3475
Bin_15-contigs	contig_3399
Bin_15-contigs	contig_3454
Bin_15-contigs	contig_3157
Bin_15-contigs	contig_845
Bin_15-contigs	contig_1103
Bin_15-contigs	contig_2889
Bin_15-contigs	contig_2476
Bin_15-contigs	contig_1212
Bin_15-contigs	contig_983
Bin_15-contigs	contig_2131
Bin_15-contigs	contig_3417
Bin_15-contigs	contig_2316
Bin_15-contigs	contig_2518
Bin_15-contigs	contig_2909
Bin_15-contigs	contig_3428
Bin_15-contigs	contig_3348
Bin_15-contigs	contig_1351
Bin_15-contigs	contig_1357
Bin_15-contigs	contig_3476
Bin_15-contigs	contig_498
Bin_15-contigs	contig_961
Bin_15-contigs	contig_1734
Bin_15-contigs	contig_2775
Bin_15-contigs	contig_1301
Bin_15-contigs	contig_2417
Bin_15-contigs	contig_1139
Bin_15-contigs	contig_1141
Bin_15-contigs	contig_1875
Bin_15-contigs	contig_1623
Bin_15-contigs	contig_1535
Bin_15-contigs	contig_1784
Bin_15-contigs	contig_1985
Bin_15-contigs	contig_2469
Bin_15-contigs	contig_3059
Bin_15-contigs	contig_2321
Bin_15-contigs	contig_2828
Bin_15-contigs	contig_2068
Bin_15-contigs	contig_1335
Bin_15-contigs	contig_2213
Bin_15-contigs	contig_1929
Bin_15-contigs	contig_3449
Bin_15-contigs	contig_3535
Bin_15-contigs	contig_3206
Bin_15-contigs	contig_846
Bin_15-contigs	contig_1055
Bin_17-contigs	contig_2041
Bin_17-contigs	contig_3407
Bin_17-contigs	contig_2132
Bin_17-contigs	contig_2851
Bin_17-contigs	contig_637
Bin_17-contigs	contig_1149
Bin_17-contigs	contig_350
Bin_17-contigs	contig_571
Bin_17-contigs	contig_3084
Bin_17-contigs	contig_1413
Bin_17-contigs	contig_3513
Bin_17-contigs	contig_1285
Bin_17-contigs	contig_1838
Bin_17-contigs	contig_3226
Bin_17-contigs	contig_3405
Bin_17-contigs	contig_334
Bin_17-contigs	contig_2329
Bin_17-contigs	contig_980
Bin_17-contigs	contig_451
Bin_17-contigs	contig_2884
Bin_17-contigs	contig_1873
Bin_17-contigs	contig_551
Bin_17-contigs	contig_188
Bin_17-contigs	contig_2710
Bin_17-contigs	contig_871
Bin_17-contigs	contig_2181
Bin_17-contigs	contig_454
Bin_17-contigs	contig_1723
Bin_17-contigs	contig_1935
Bin_17-contigs	contig_1468
Bin_17-contigs	contig_2551
Bin_17-contigs	contig_3549
Bin_17-contigs	contig_2233
Bin_17-contigs	contig_2594
Bin_17-contigs	contig_2685
Bin_17-contigs	contig_3142
Bin_17-contigs	contig_1767
Bin_17-contigs	contig_2231
Bin_17-contigs	contig_1914
Bin_17-contigs	contig_2434
Bin_17-contigs	contig_2911
Bin_17-contigs	contig_501
Bin_17-contigs	contig_1266
Bin_17-contigs	contig_2464
Bin_17-contigs	contig_622
Bin_17-contigs	contig_2453
Bin_17-contigs	contig_873
Bin_17-contigs	contig_3111
Bin_17-contigs	contig_2346
Bin_17-contigs	contig_3367
Bin_17-contigs	contig_3104
Bin_17-contigs	contig_455
Bin_17-contigs	contig_3085
Bin_17-contigs	contig_1359
Bin_17-contigs	contig_1449
Bin_17-contigs	contig_2209
Bin_17-contigs	contig_3023
Bin_17-contigs	contig_1118
Bin_17-contigs	contig_618
Bin_17-contigs	contig_2247
Bin_17-contigs	contig_2480
Bin_17-contigs	contig_1743
Bin_17-contigs	contig_2367
Bin_17-contigs	contig_226
Bin_17-contigs	contig_2318
Bin_17-contigs	contig_2172
Bin_17-contigs	contig_3047
Bin_17-contigs	contig_1726
Bin_17-contigs	contig_168
Bin_17-contigs	contig_1576
Bin_17-contigs	contig_2234
Bin_17-contigs	contig_615
Bin_17-contigs	contig_2763
Bin_17-contigs	contig_1577
Bin_17-contigs	contig_3050
Bin_17-contigs	contig_1700
Bin_17-contigs	contig_3585
Bin_17-contigs	contig_1778
Bin_17-contigs	contig_1968
Bin_17-contigs	contig_2590
Bin_17-contigs	contig_1457
Bin_17-contigs	contig_694
Bin_17-contigs	contig_2083
Bin_17-contigs	contig_3406
Bin_17-contigs	contig_1725
Bin_17-contigs	contig_2992
Bin_17-contigs	contig_2228
Bin_17-contigs	contig_2000
Bin_17-contigs	contig_1267
Bin_17-contigs	contig_2702
Bin_17-contigs	contig_2156
Bin_17-contigs	contig_1284
Bin_17-contigs	contig_3173
Bin_17-contigs	contig_1505
Bin_17-contigs	contig_1986
Bin_17-contigs	contig_3227
Bin_17-contigs	contig_1903
Bin_17-contigs	contig_1165
Bin_17-contigs	contig_3212
Bin_17-contigs	contig_1910
Bin_17-contigs	contig_2282
Bin_17-contigs	contig_2162
Bin_17-contigs	contig_2468
Bin_17-contigs	contig_2757
Bin_17-contigs	contig_1269
Bin_17-contigs	contig_3172
Bin_17-contigs	contig_669
Bin_17-contigs	contig_2122
Bin_17-contigs	contig_2387
Bin_17-contigs	contig_2485
Bin_17-contigs	contig_1099
Bin_17-contigs	contig_2269
Bin_17-contigs	contig_978
Bin_17-contigs	contig_2462
Bin_17-contigs	contig_1564
Bin_17-contigs	contig_3293
Bin_17-contigs	contig_3003
Bin_17-contigs	contig_872
Bin_17-contigs	contig_3081
Bin_17-contigs	contig_1911
Bin_17-contigs	contig_609
Bin_17-contigs	contig_2217
Bin_17-contigs	contig_2062
Bin_17-contigs	contig_2196
Bin_17-contigs	contig_3078
Bin_17-contigs	contig_2949
Bin_17-contigs	contig_1803
Bin_17-contigs	contig_2953
Bin_17-contigs	contig_3118
Bin_17-contigs	contig_2823
Bin_17-contigs	contig_485
Bin_17-contigs	contig_1582
Bin_17-contigs	contig_2985
Bin_17-contigs	contig_2525
Bin_17-contigs	contig_2731
Bin_17-contigs	contig_1878
Bin_17-contigs	contig_1771
Bin_17-contigs	contig_613
Bin_17-contigs	contig_2611
Bin_17-contigs	contig_2660
Bin_17-contigs	contig_1295
Bin_17-contigs	contig_1361
Bin_17-contigs	contig_2419
Bin_17-contigs	contig_2632
Bin_17-contigs	contig_2509
Bin_17-contigs	contig_1970
Bin_17-contigs	contig_2622
Bin_17-contigs	contig_1523
Bin_17-contigs	contig_2780
Bin_17-contigs	contig_327
Bin_17-contigs	contig_1792
Bin_17-contigs	contig_2675
Bin_17-contigs	contig_2467
Bin_17-contigs	contig_2515
Bin_17-contigs	contig_3139
Bin_17-contigs	contig_590
Bin_17-contigs	contig_2336
Bin_17-contigs	contig_2210
Bin_17-contigs	contig_1150
Bin_17-contigs	contig_1624
Bin_17-contigs	contig_2526
Bin_17-contigs	contig_2723
Bin_17-contigs	contig_1100
Bin_17-contigs	contig_1757
Bin_17-contigs	contig_1296
Bin_17-contigs	contig_2478
Bin_17-contigs	contig_2565
Bin_17-contigs	contig_1886
Bin_17-contigs	contig_2544
Bin_17-contigs	contig_91
Bin_17-contigs	contig_3551
Bin_17-contigs	contig_2742
Bin_17-contigs	contig_2616
Bin_17-contigs	contig_2080
Bin_17-contigs	contig_2666
Bin_17-contigs	contig_2754
Bin_17-contigs	contig_2716
Bin_17-contigs	contig_2957
Bin_17-contigs	contig_1983
Bin_17-contigs	contig_3024
Bin_17-contigs	contig_3000
Bin_17-contigs	contig_1060
Bin_17-contigs	contig_957
Bin_17-contigs	contig_2779
Bin_17-contigs	contig_1197
Bin_17-contigs	contig_2384
Bin_17-contigs	contig_321
Bin_17-contigs	contig_1526
Bin_17-contigs	contig_2404
Bin_17-contigs	contig_2102
Bin_17-contigs	contig_2283
Bin_17-contigs	contig_2987
Bin_17-contigs	contig_3184
Bin_17-contigs	contig_2846
Bin_17-contigs	contig_127
Bin_17-contigs	contig_1791
Bin_17-contigs	contig_2465
Bin_17-contigs	contig_1925
Bin_17-contigs	contig_1392
Bin_17-contigs	contig_1080
Bin_17-contigs	contig_274
Bin_18-contigs	contig_3009
Bin_18-contigs	contig_721
Bin_18-contigs	contig_628
Bin_18-contigs	contig_1289
Bin_18-contigs	contig_761
Bin_18-contigs	contig_2840
Bin_18-contigs	contig_1155
Bin_18-contigs	contig_765
Bin_18-contigs	contig_1156
Bin_18-contigs	contig_763
Bin_18-contigs	contig_927
Bin_18-contigs	contig_3382
Bin_18-contigs	contig_3380
Bin_18-contigs	contig_2101
Bin_18-contigs	contig_1158
Bin_18-contigs	contig_1718
Bin_18-contigs	contig_3308
Bin_18-contigs	contig_1633
Bin_18-contigs	contig_1275
Bin_18-contigs	contig_2237
Bin_18-contigs	contig_1421
Bin_18-contigs	contig_2607
Bin_18-contigs	contig_3291
Bin_18-contigs	contig_2312
Bin_18-contigs	contig_1271
Bin_18-contigs	contig_1738
Bin_18-contigs	contig_2239
Bin_18-contigs	contig_724
Bin_18-contigs	contig_44
Bin_18-contigs	contig_306
Bin_18-contigs	contig_760
Bin_18-contigs	contig_1419
Bin_18-contigs	contig_2584
Bin_18-contigs	contig_3208
Bin_18-contigs	contig_2690
Bin_18-contigs	contig_3390
Bin_18-contigs	contig_2358
Bin_18-contigs	contig_2744
Bin_18-contigs	contig_719
Bin_18-contigs	contig_1048
Bin_18-contigs	contig_2848
Bin_18-contigs	contig_1868
Bin_18-contigs	contig_3487
Bin_18-contigs	contig_2221
Bin_18-contigs	contig_2179
Bin_18-contigs	contig_2864
Bin_18-contigs	contig_428
Bin_18-contigs	contig_3451
Bin_18-contigs	contig_3515
Bin_18-contigs	contig_533
Bin_18-contigs	contig_3381
Bin_18-contigs	contig_563
Bin_18-contigs	contig_3415
Bin_18-contigs	contig_720
Bin_18-contigs	contig_1161
Bin_18-contigs	contig_3573
Bin_18-contigs	contig_3309
Bin_18-contigs	contig_1233
Bin_18-contigs	contig_2683
Bin_18-contigs	contig_2060
Bin_18-contigs	contig_3234
Bin_18-contigs	contig_3320
Bin_18-contigs	contig_1292
Bin_18-contigs	contig_1391
Bin_18-contigs	contig_1870
Bin_18-contigs	contig_3379
Bin_18-contigs	contig_49
Bin_18-contigs	contig_723
Bin_18-contigs	contig_1446
Bin_18-contigs	contig_915
Bin_18-contigs	contig_1160
Bin_18-contigs	contig_437
Bin_18-contigs	contig_3392
Bin_18-contigs	contig_1291
Bin_18-contigs	contig_2052
Bin_18-contigs	contig_1110
Bin_18-contigs	contig_2327
Bin_18-contigs	contig_3318
Bin_18-contigs	contig_1876
Bin_18-contigs	contig_3040
Bin_18-contigs	contig_617
Bin_18-contigs	contig_1085
Bin_18-contigs	contig_320
Bin_18-contigs	contig_1420
Bin_18-contigs	contig_2012
Bin_18-contigs	contig_3319
Bin_18-contigs	contig_1932
Bin_18-contigs	contig_3422
Bin_18-contigs	contig_434
Bin_18-contigs	contig_3026
Bin_18-contigs	contig_1159
Bin_18-contigs	contig_1953
Bin_18-contigs	contig_1418
Bin_18-contigs	contig_1559
Bin_19-contigs	contig_2812
Bin_19-contigs	contig_799
Bin_19-contigs	contig_1736
Bin_19-contigs	contig_3350
Bin_19-contigs	contig_81
Bin_19-contigs	contig_797
Bin_19-contigs	contig_1003
Bin_19-contigs	contig_425
Bin_19-contigs	contig_1163
Bin_19-contigs	contig_2391
Bin_19-contigs	contig_2443
Bin_19-contigs	contig_372
Bin_19-contigs	contig_1563
Bin_19-contigs	contig_506
Bin_19-contigs	contig_1151
Bin_19-contigs	contig_1009
Bin_19-contigs	contig_3121
Bin_19-contigs	contig_3326
Bin_19-contigs	contig_1987
Bin_19-contigs	contig_273
Bin_19-contigs	contig_1166
Bin_19-contigs	contig_2945
Bin_19-contigs	contig_3328
Bin_19-contigs	contig_3563
Bin_19-contigs	contig_2719
Bin_19-contigs	contig_1010
Bin_19-contigs	contig_2323
Bin_19-contigs	contig_796
Bin_19-contigs	contig_3263
Bin_19-contigs	contig_107
Bin_19-contigs	contig_2803
Bin_19-contigs	contig_541
Bin_19-contigs	contig_2274
Bin_19-contigs	contig_1162
Bin_19-contigs	contig_1895
Bin_19-contigs	contig_2065
Bin_19-contigs	contig_1001
Bin_19-contigs	contig_1411
Bin_19-contigs	contig_3581
Bin_19-contigs	contig_386
Bin_19-contigs	contig_801
Bin_19-contigs	contig_3092
Bin_19-contigs	contig_3327
Bin_19-contigs	contig_3385
Bin_19-contigs	contig_3063
Bin_19-contigs	contig_2160
Bin_19-contigs	contig_643
Bin_19-contigs	contig_3400
Bin_19-contigs	contig_2510
Bin_19-contigs	contig_591
Bin_19-contigs	contig_573
Bin_19-contigs	contig_581
Bin_19-contigs	contig_1705
Bin_19-contigs	contig_795
Bin_19-contigs	contig_1231
Bin_19-contigs	contig_3270
Bin_19-contigs	contig_1814
Bin_19-contigs	contig_2279
Bin_19-contigs	contig_3161
Bin_19-contigs	contig_798
Bin_19-contigs	contig_800
Bin_19-contigs	contig_806
Bin_19-contigs	contig_2365
Bin_19-contigs	contig_359
Bin_19-contigs	contig_2493
Bin_19-contigs	contig_1000
Bin_19-contigs	contig_793
Bin_1-contigs	contig_2482
Bin_1-contigs	contig_2566
Bin_1-contigs	contig_1198
Bin_1-contigs	contig_2728
Bin_1-contigs	contig_1758
Bin_1-contigs	contig_3579
Bin_1-contigs	contig_3130
Bin_1-contigs	contig_2556
Bin_1-contigs	contig_1798
Bin_1-contigs	contig_3378
Bin_1-contigs	contig_1856
Bin_1-contigs	contig_1898
Bin_1-contigs	contig_3088
Bin_1-contigs	contig_3544
Bin_1-contigs	contig_1554
Bin_1-contigs	contig_3205
Bin_1-contigs	contig_1496
Bin_1-contigs	contig_1486
Bin_1-contigs	contig_1215
Bin_1-contigs	contig_1553
Bin_1-contigs	contig_1512
Bin_1-contigs	contig_2973
Bin_1-contigs	contig_3034
Bin_1-contigs	contig_2905
Bin_1-contigs	contig_3163
Bin_1-contigs	contig_3204
Bin_1-contigs	contig_3087
Bin_1-contigs	contig_3070
Bin_1-contigs	contig_1373
Bin_1-contigs	contig_1146
Bin_1-contigs	contig_2293
Bin_1-contigs	contig_3439
Bin_1-contigs	contig_1762
Bin_1-contigs	contig_2223
Bin_1-contigs	contig_2268
Bin_1-contigs	contig_1029
Bin_1-contigs	contig_879
Bin_1-contigs	contig_1145
Bin_1-contigs	contig_1975
Bin_1-contigs	contig_2799
Bin_1-contigs	contig_2442
Bin_1-contigs	contig_2759
Bin_1-contigs	contig_1541
Bin_1-contigs	contig_2121
Bin_1-contigs	contig_1722
Bin_1-contigs	contig_1812
Bin_1-contigs	contig_1368
Bin_1-contigs	contig_3202
Bin_1-contigs	contig_934
Bin_1-contigs	contig_3279
Bin_1-contigs	contig_2534
Bin_1-contigs	contig_2070
Bin_1-contigs	contig_1147
Bin_1-contigs	contig_3171
Bin_1-contigs	contig_2230
Bin_1-contigs	contig_3464
Bin_1-contigs	contig_1469
Bin_1-contigs	contig_3447
Bin_1-contigs	contig_1270
Bin_1-contigs	contig_2416
Bin_1-contigs	contig_2774
Bin_1-contigs	contig_2760
Bin_1-contigs	contig_2758
Bin_1-contigs	contig_2603
Bin_1-contigs	contig_1135
Bin_1-contigs	contig_2366
Bin_1-contigs	contig_2821
Bin_1-contigs	contig_1354
Bin_1-contigs	contig_759
Bin_1-contigs	contig_2806
Bin_1-contigs	contig_3113
Bin_1-contigs	contig_2173
Bin_1-contigs	contig_1475
Bin_1-contigs	contig_2195
Bin_1-contigs	contig_2473
Bin_1-contigs	contig_3035
Bin_1-contigs	contig_3060
Bin_1-contigs	contig_2328
Bin_1-contigs	contig_2649
Bin_1-contigs	contig_2671
Bin_1-contigs	contig_3463
Bin_1-contigs	contig_3064
Bin_1-contigs	contig_3356
Bin_1-contigs	contig_963
Bin_1-contigs	contig_2003
Bin_1-contigs	contig_3465
Bin_1-contigs	contig_2560
Bin_1-contigs	contig_1032
Bin_1-contigs	contig_1976
Bin_1-contigs	contig_2148
Bin_1-contigs	contig_2002
Bin_1-contigs	contig_2772
Bin_1-contigs	contig_2091
Bin_1-contigs	contig_1069
Bin_1-contigs	contig_2726
Bin_1-contigs	contig_2292
Bin_1-contigs	contig_1323
Bin_1-contigs	contig_3509
Bin_1-contigs	contig_3231
Bin_1-contigs	contig_2648
Bin_1-contigs	contig_2735
Bin_1-contigs	contig_2919
Bin_1-contigs	contig_2941
Bin_1-contigs	contig_2563
Bin_1-contigs	contig_1581
Bin_1-contigs	contig_970
Bin_1-contigs	contig_1675
Bin_1-contigs	contig_1696
Bin_1-contigs	contig_2061
Bin_1-contigs	contig_1695
Bin_1-contigs	contig_2395
Bin_1-contigs	contig_2942
Bin_1-contigs	contig_1769
Bin_1-contigs	contig_1534
Bin_1-contigs	contig_3150
Bin_1-contigs	contig_1317
Bin_1-contigs	contig_1813
Bin_1-contigs	contig_972
Bin_1-contigs	contig_1739
Bin_1-contigs	contig_3162
Bin_1-contigs	contig_1939
Bin_1-contigs	contig_2168
Bin_1-contigs	contig_3386
Bin_1-contigs	contig_2825
Bin_1-contigs	contig_2161
Bin_1-contigs	contig_3431
Bin_1-contigs	contig_2550
Bin_1-contigs	contig_2980
Bin_1-contigs	contig_1031
Bin_1-contigs	contig_2797
Bin_1-contigs	contig_3525
Bin_1-contigs	contig_2483
Bin_1-contigs	contig_1746
Bin_1-contigs	contig_2646
Bin_1-contigs	contig_3032
Bin_1-contigs	contig_2547
Bin_1-contigs	contig_2602
Bin_1-contigs	contig_2861
Bin_1-contigs	contig_1887
Bin_1-contigs	contig_2661
Bin_1-contigs	contig_2641
Bin_1-contigs	contig_2393
Bin_20-contigs	contig_1906
Bin_20-contigs	contig_1732
Bin_20-contigs	contig_3484
Bin_20-contigs	contig_2669
Bin_20-contigs	contig_1249
Bin_20-contigs	contig_3220
Bin_20-contigs	contig_1498
Bin_20-contigs	contig_1802
Bin_20-contigs	contig_2308
Bin_20-contigs	contig_1268
Bin_20-contigs	contig_3097
Bin_20-contigs	contig_3566
Bin_20-contigs	contig_1081
Bin_20-contigs	contig_2238
Bin_20-contigs	contig_2912
Bin_20-contigs	contig_3120
Bin_20-contigs	contig_2380
Bin_20-contigs	contig_487
Bin_20-contigs	contig_1330
Bin_20-contigs	contig_1557
Bin_20-contigs	contig_979
Bin_20-contigs	contig_1835
Bin_20-contigs	contig_2854
Bin_20-contigs	contig_532
Bin_20-contigs	contig_2241
Bin_20-contigs	contig_1774
Bin_20-contigs	contig_1558
Bin_20-contigs	contig_2843
Bin_20-contigs	contig_2090
Bin_20-contigs	contig_2390
Bin_20-contigs	contig_3444
Bin_20-contigs	contig_118
Bin_20-contigs	contig_1072
Bin_20-contigs	contig_181
Bin_20-contigs	contig_2972
Bin_20-contigs	contig_717
Bin_20-contigs	contig_1499
Bin_20-contigs	contig_3317
Bin_20-contigs	contig_1964
Bin_20-contigs	contig_1772
Bin_20-contigs	contig_2098
Bin_20-contigs	contig_3523
Bin_20-contigs	contig_670
Bin_20-contigs	contig_3453
Bin_20-contigs	contig_2057
Bin_20-contigs	contig_2227
Bin_20-contigs	contig_1828
Bin_20-contigs	contig_1840
Bin_20-contigs	contig_1447
Bin_20-contigs	contig_3547
Bin_20-contigs	contig_2535
Bin_20-contigs	contig_2286
Bin_20-contigs	contig_259
Bin_20-contigs	contig_2330
Bin_20-contigs	contig_2553
Bin_20-contigs	contig_1896
Bin_20-contigs	contig_1834
Bin_20-contigs	contig_2701
Bin_20-contigs	contig_2631
Bin_20-contigs	contig_831
Bin_20-contigs	contig_2005
Bin_20-contigs	contig_1830
Bin_20-contigs	contig_2768
Bin_20-contigs	contig_2424
Bin_20-contigs	contig_235
Bin_20-contigs	contig_1931
Bin_20-contigs	contig_1701
Bin_20-contigs	contig_3207
Bin_20-contigs	contig_3062
Bin_20-contigs	contig_913
Bin_20-contigs	contig_2337
Bin_20-contigs	contig_3228
Bin_20-contigs	contig_2405
Bin_20-contigs	contig_2541
Bin_20-contigs	contig_1544
Bin_20-contigs	contig_1949
Bin_20-contigs	contig_536
Bin_20-contigs	contig_1926
Bin_20-contigs	contig_2037
Bin_20-contigs	contig_3219
Bin_20-contigs	contig_2783
Bin_20-contigs	contig_1331
Bin_20-contigs	contig_1290
Bin_20-contigs	contig_2835
Bin_20-contigs	contig_2929
Bin_20-contigs	contig_1833
Bin_20-contigs	contig_1083
Bin_20-contigs	contig_2015
Bin_20-contigs	contig_1102
Bin_20-contigs	contig_1831
Bin_20-contigs	contig_3136
Bin_20-contigs	contig_2492
Bin_20-contigs	contig_2745
Bin_20-contigs	contig_2643
Bin_20-contigs	contig_1978
Bin_20-contigs	contig_1343
Bin_20-contigs	contig_2412
Bin_20-contigs	contig_3404
Bin_20-contigs	contig_1874
Bin_20-contigs	contig_2786
Bin_20-contigs	contig_2174
Bin_20-contigs	contig_1484
Bin_20-contigs	contig_1998
Bin_20-contigs	contig_2886
Bin_20-contigs	contig_3001
Bin_20-contigs	contig_2564
Bin_20-contigs	contig_2385
Bin_20-contigs	contig_3017
Bin_20-contigs	contig_1631
Bin_20-contigs	contig_1112
Bin_20-contigs	contig_2997
Bin_20-contigs	contig_2194
Bin_20-contigs	contig_2169
Bin_20-contigs	contig_1466
Bin_20-contigs	contig_722
Bin_20-contigs	contig_2379
Bin_20-contigs	contig_2310
Bin_20-contigs	contig_2004
Bin_20-contigs	contig_2858
Bin_20-contigs	contig_2998
Bin_20-contigs	contig_1854
Bin_20-contigs	contig_459
Bin_20-contigs	contig_298
Bin_20-contigs	contig_3042
Bin_20-contigs	contig_2545
Bin_20-contigs	contig_1837
Bin_20-contigs	contig_644
Bin_20-contigs	contig_488
Bin_20-contigs	contig_2236
Bin_20-contigs	contig_2878
Bin_20-contigs	contig_2414
Bin_20-contigs	contig_2574
Bin_20-contigs	contig_2044
Bin_20-contigs	contig_2064
Bin_20-contigs	contig_601
Bin_20-contigs	contig_2668
Bin_20-contigs	contig_2753
Bin_20-contigs	contig_2870
Bin_20-contigs	contig_774
Bin_20-contigs	contig_2123
Bin_20-contigs	contig_2389
Bin_20-contigs	contig_2863
Bin_20-contigs	contig_2718
Bin_20-contigs	contig_1229
Bin_20-contigs	contig_2918
Bin_20-contigs	contig_3119
Bin_20-contigs	contig_2610
Bin_20-contigs	contig_1965
Bin_20-contigs	contig_2427
Bin_20-contigs	contig_725
Bin_20-contigs	contig_616
Bin_20-contigs	contig_1044
Bin_20-contigs	contig_3110
Bin_20-contigs	contig_2629
Bin_20-contigs	contig_3152
Bin_20-contigs	contig_1977
Bin_20-contigs	contig_1321
Bin_20-contigs	contig_3054
Bin_20-contigs	contig_2583
Bin_20-contigs	contig_1979
Bin_20-contigs	contig_530
Bin_20-contigs	contig_1815
Bin_20-contigs	contig_949
Bin_20-contigs	contig_472
Bin_20-contigs	contig_3083
Bin_20-contigs	contig_2548
Bin_20-contigs	contig_2900
Bin_20-contigs	contig_2859
Bin_20-contigs	contig_762
Bin_20-contigs	contig_2855
Bin_20-contigs	contig_1703
Bin_20-contigs	contig_3215
Bin_20-contigs	contig_1458
Bin_20-contigs	contig_2849
Bin_20-contigs	contig_2576
Bin_20-contigs	contig_726
Bin_20-contigs	contig_1046
Bin_20-contigs	contig_2793
Bin_20-contigs	contig_2700
Bin_20-contigs	contig_1417
Bin_20-contigs	contig_243
Bin_20-contigs	contig_2294
Bin_21-contigs	contig_2447
Bin_21-contigs	contig_579
Bin_21-contigs	contig_537
Bin_21-contigs	contig_544
Bin_21-contigs	contig_225
Bin_21-contigs	contig_3483
Bin_21-contigs	contig_3565
Bin_21-contigs	contig_395
Bin_21-contigs	contig_292
Bin_21-contigs	contig_177
Bin_21-contigs	contig_545
Bin_21-contigs	contig_1084
Bin_21-contigs	contig_2331
Bin_21-contigs	contig_557
Bin_21-contigs	contig_2370
Bin_21-contigs	contig_2446
Bin_21-contigs	contig_1879
Bin_21-contigs	contig_2350
Bin_21-contigs	contig_1945
Bin_21-contigs	contig_599
Bin_21-contigs	contig_3278
Bin_21-contigs	contig_509
Bin_21-contigs	contig_1550
Bin_21-contigs	contig_2481
Bin_21-contigs	contig_546
Bin_21-contigs	contig_911
Bin_21-contigs	contig_1753
Bin_21-contigs	contig_2784
Bin_21-contigs	contig_549
Bin_21-contigs	contig_2332
Bin_21-contigs	contig_3242
Bin_21-contigs	contig_2354
Bin_21-contigs	contig_1122
Bin_21-contigs	contig_525
Bin_21-contigs	contig_3529
Bin_21-contigs	contig_3147
Bin_21-contigs	contig_1745
Bin_21-contigs	contig_1423
Bin_21-contigs	contig_3045
Bin_21-contigs	contig_138
Bin_21-contigs	contig_384
Bin_21-contigs	contig_492
Bin_21-contigs	contig_585
Bin_21-contigs	contig_3366
Bin_21-contigs	contig_2333
Bin_21-contigs	contig_612
Bin_21-contigs	contig_3217
Bin_21-contigs	contig_1405
Bin_21-contigs	contig_2782
Bin_22-contigs	contig_417
Bin_22-contigs	contig_323
Bin_22-contigs	contig_427
Bin_22-contigs	contig_851
Bin_22-contigs	contig_1540
Bin_22-contigs	contig_2149
Bin_22-contigs	contig_2558
Bin_22-contigs	contig_614
Bin_22-contigs	contig_276
Bin_22-contigs	contig_296
Bin_22-contigs	contig_558
Bin_22-contigs	contig_1588
Bin_22-contigs	contig_37
Bin_22-contigs	contig_494
Bin_22-contigs	contig_2151
Bin_22-contigs	contig_2214
Bin_22-contigs	contig_2363
Bin_22-contigs	contig_553
Bin_22-contigs	contig_421
Bin_22-contigs	contig_218
Bin_22-contigs	contig_1816
Bin_22-contigs	contig_3587
Bin_22-contigs	contig_2411
Bin_22-contigs	contig_416
Bin_22-contigs	contig_2712
Bin_22-contigs	contig_574
Bin_22-contigs	contig_593
Bin_22-contigs	contig_2212
Bin_22-contigs	contig_1293
Bin_22-contigs	contig_410
Bin_22-contigs	contig_2445
Bin_22-contigs	contig_861
Bin_22-contigs	contig_1982
Bin_22-contigs	contig_1693
Bin_22-contigs	contig_1471
Bin_22-contigs	contig_1472
Bin_22-contigs	contig_1313
Bin_22-contigs	contig_2680
Bin_22-contigs	contig_582
Bin_22-contigs	contig_512
Bin_22-contigs	contig_584
Bin_22-contigs	contig_213
Bin_22-contigs	contig_1727
Bin_22-contigs	contig_272
Bin_22-contigs	contig_1670
Bin_22-contigs	contig_1717
Bin_22-contigs	contig_3195
Bin_22-contigs	contig_3289
Bin_22-contigs	contig_701
Bin_22-contigs	contig_358
Bin_22-contigs	contig_619
Bin_22-contigs	contig_460
Bin_22-contigs	contig_1800
Bin_22-contigs	contig_3284
Bin_22-contigs	contig_402
Bin_22-contigs	contig_576
Bin_22-contigs	contig_3170
Bin_22-contigs	contig_387
Bin_22-contigs	contig_433
Bin_22-contigs	contig_484
Bin_22-contigs	contig_2970
Bin_22-contigs	contig_2459
Bin_22-contigs	contig_2811
Bin_22-contigs	contig_470
Bin_22-contigs	contig_464
Bin_22-contigs	contig_548
Bin_22-contigs	contig_1346
Bin_22-contigs	contig_2530
Bin_22-contigs	contig_919
Bin_22-contigs	contig_420
Bin_22-contigs	contig_108
Bin_22-contigs	scaffold_1635
Bin_22-contigs	contig_2614
Bin_22-contigs	contig_2081
Bin_22-contigs	contig_1234
Bin_22-contigs	contig_411
Bin_22-contigs	contig_415
Bin_22-contigs	contig_758
Bin_22-contigs	contig_192
Bin_22-contigs	contig_3049
Bin_22-contigs	contig_608
Bin_22-contigs	contig_666
Bin_22-contigs	contig_561
Bin_22-contigs	contig_874
Bin_22-contigs	contig_219
Bin_22-contigs	contig_2474
Bin_22-contigs	contig_1880
Bin_22-contigs	contig_1294
Bin_22-contigs	contig_2085
Bin_22-contigs	contig_215
Bin_22-contigs	contig_2572
Bin_22-contigs	contig_1042
Bin_22-contigs	contig_227
Bin_22-contigs	contig_403
Bin_22-contigs	contig_1943
Bin_22-contigs	contig_231
Bin_22-contigs	contig_1525
Bin_22-contigs	contig_542
Bin_22-contigs	contig_3517
Bin_22-contigs	contig_1386
Bin_23-contigs	contig_909
Bin_23-contigs	contig_1
Bin_23-contigs	contig_339
Bin_23-contigs	contig_336
Bin_23-contigs	contig_373
Bin_23-contigs	contig_52
Bin_23-contigs	contig_2776
Bin_23-contigs	contig_194
Bin_23-contigs	contig_447
Bin_23-contigs	contig_186
Bin_23-contigs	contig_462
Bin_23-contigs	contig_338
Bin_23-contigs	contig_538
Bin_23-contigs	contig_1551
Bin_23-contigs	contig_376
Bin_23-contigs	contig_377
Bin_23-contigs	contig_1520
Bin_23-contigs	contig_374
Bin_23-contigs	contig_228
Bin_23-contigs	contig_953
Bin_23-contigs	contig_340
Bin_23-contigs	contig_229
Bin_23-contigs	contig_378
Bin_23-contigs	contig_834
Bin_23-contigs	contig_708
Bin_23-contigs	contig_597
Bin_23-contigs	contig_595
Bin_23-contigs	contig_3283
Bin_23-contigs	contig_2146
Bin_23-contigs	contig_1299
Bin_23-contigs	contig_195
Bin_23-contigs	contig_627
Bin_23-contigs	contig_528
Bin_23-contigs	contig_3272
Bin_23-contigs	contig_1634
Bin_23-contigs	contig_54
Bin_24_1-contigs	contig_1934
Bin_24_1-contigs	contig_3135
Bin_24_2-contigs	contig_742
Bin_24_2-contigs	contig_1382
Bin_24_2-contigs	contig_1117
Bin_24_2-contigs	contig_752
Bin_24_2-contigs	contig_3395
Bin_24_2-contigs	contig_1376
Bin_24_2-contigs	contig_2219
Bin_24_2-contigs	contig_3314
Bin_24_2-contigs	contig_3313
Bin_24_2-contigs	contig_746
Bin_24_2-contigs	contig_3312
Bin_24_2-contigs	contig_735
Bin_24_2-contigs	contig_3340
Bin_24_2-contigs	contig_850
Bin_24_2-contigs	contig_3542
Bin_24_2-contigs	contig_1383
Bin_24_2-contigs	contig_1381
Bin_24_2-contigs	contig_730
Bin_24_2-contigs	contig_3432
Bin_24_2-contigs	contig_747
Bin_24_2-contigs	contig_1298
Bin_24_2-contigs	contig_740
Bin_24_2-contigs	contig_1786
Bin_24_2-contigs	contig_1300
Bin_24_2-contigs	contig_3128
Bin_24_2-contigs	contig_1148
Bin_24_2-contigs	contig_1680
Bin_24_2-contigs	contig_977
Bin_24_2-contigs	contig_3315
Bin_24_2-contigs	contig_732
Bin_24_2-contigs	contig_743
Bin_24_2-contigs	contig_751
Bin_24_2-contigs	contig_2422
Bin_24_2-contigs	contig_1507
Bin_24_2-contigs	contig_3413
Bin_24_2-contigs	contig_1243
Bin_24_2-contigs	contig_733
Bin_24_2-contigs	contig_1101
Bin_24_2-contigs	contig_3456
Bin_24_2-contigs	contig_748
Bin_24_2-contigs	contig_3446
Bin_24_2-contigs	contig_3575
Bin_24_2-contigs	contig_1230
Bin_24_2-contigs	contig_745
Bin_24_2-contigs	contig_736
Bin_24_2-contigs	contig_2105
Bin_24_2-contigs	contig_1940
Bin_24_2-contigs	contig_1288
Bin_24_2-contigs	contig_1981
Bin_24_2-contigs	contig_2512
Bin_24_2-contigs	contig_750
Bin_24_2-contigs	contig_2066
Bin_24_2-contigs	contig_1915
Bin_24_2-contigs	contig_3123
Bin_24_2-contigs	contig_3334
Bin_24_2-contigs	contig_1274
Bin_24_2-contigs	contig_1425
Bin_24_2-contigs	contig_3335
Bin_24_2-contigs	contig_755
Bin_24_2-contigs	contig_1580
Bin_24_2-contigs	contig_857
Bin_24_2-contigs	contig_828
Bin_24_2-contigs	contig_2084
Bin_24_2-contigs	contig_753
Bin_24_2-contigs	contig_848
Bin_24_2-contigs	contig_2580
Bin_24_2-contigs	contig_829
Bin_24_2-contigs	contig_1632
Bin_24_2-contigs	contig_1989
Bin_24_2-contigs	contig_728
Bin_24_2-contigs	contig_3526
Bin_24_2-contigs	contig_1088
Bin_24_2-contigs	contig_1984
Bin_24_2-contigs	contig_944
Bin_24_2-contigs	contig_3396
Bin_24_2-contigs	contig_3189
Bin_24_2-contigs	contig_1944
Bin_24_2-contigs	contig_731
Bin_24_2-contigs	contig_749
Bin_24_2-contigs	contig_3412
Bin_24_2-contigs	contig_734
Bin_24_2-contigs	contig_754
Bin_24_2-contigs	contig_729
Bin_24_2-contigs	contig_3496
Bin_24_2-contigs	contig_3007
Bin_24_2-contigs	contig_1787
Bin_24_2-contigs	contig_3482
Bin_24_2-contigs	contig_853
Bin_24_2-contigs	contig_738
Bin_24_2-contigs	contig_3394
Bin_24_2-contigs	contig_1076
Bin_24_3-contigs	contig_854
Bin_24_3-contigs	contig_3543
Bin_24_3-contigs	contig_741
Bin_24_3-contigs	contig_2374
Bin_24_3-contigs	contig_1384
Bin_24_3-contigs	contig_2721
Bin_24_3-contigs	contig_1239
Bin_24_3-contigs	contig_859
Bin_24_3-contigs	contig_1901
Bin_24_3-contigs	contig_1900
Bin_24_3-contigs	contig_3384
Bin_24_3-contigs	contig_744
Bin_24_3-contigs	contig_737
Bin_24_4-contigs	contig_1303
Bin_24_4-contigs	contig_2401
Bin_24_4-contigs	contig_2781
Bin_24_4-contigs	contig_3122
Bin_24_4-contigs	contig_3057
Bin_24_4-contigs	contig_2620
Bin_24_4-contigs	contig_2598
Bin_24_4-contigs	contig_975
Bin_24_4-contigs	contig_2092
Bin_24_4-contigs	contig_2947
Bin_24_4-contigs	contig_1627
Bin_24_4-contigs	contig_2720
Bin_24_4-contigs	contig_1913
Bin_24_4-contigs	contig_2224
Bin_24_4-contigs	contig_2914
Bin_24_4-contigs	contig_642
Bin_24_4-contigs	contig_1245
Bin_24_4-contigs	contig_2762
Bin_24_4-contigs	contig_2267
Bin_24_4-contigs	contig_1735
Bin_24_4-contigs	contig_3025
Bin_24_4-contigs	contig_1565
Bin_24_4-contigs	contig_1897
Bin_24_4-contigs	contig_2921
Bin_24_4-contigs	contig_3115
Bin_24_4-contigs	contig_3419
Bin_24_4-contigs	contig_2647
Bin_24_4-contigs	contig_1980
Bin_24_4-contigs	contig_3056
Bin_24_4-contigs	contig_1930
Bin_24_4-contigs	contig_2993
Bin_24_4-contigs	contig_1244
Bin_24_4-contigs	contig_1470
Bin_24_4-contigs	contig_2388
Bin_24_4-contigs	contig_2692
Bin_24_4-contigs	contig_1562
Bin_24_4-contigs	contig_1450
Bin_24_4-contigs	contig_2984
Bin_24_4-contigs	contig_2357
Bin_24_4-contigs	contig_3196
Bin_24_4-contigs	contig_2593
Bin_24_4-contigs	contig_2418
Bin_24_5-contigs	contig_2164
Bin_24_5-contigs	contig_2508
Bin_24_5-contigs	contig_2456
Bin_24_5-contigs	contig_2046
Bin_24_5-contigs	contig_3201
Bin_24_5-contigs	contig_3075
Bin_24_5-contigs	contig_2839
Bin_24_5-contigs	contig_1924
Bin_24_5-contigs	contig_2715
Bin_24_5-contigs	contig_1973
Bin_25-contigs	contig_3183
Bin_25-contigs	contig_1937
Bin_25-contigs	contig_1801
Bin_25-contigs	contig_3292
Bin_25-contigs	contig_710
Bin_25-contigs	contig_2502
Bin_25-contigs	contig_25
Bin_25-contigs	contig_2589
Bin_25-contigs	contig_2903
Bin_25-contigs	contig_3105
Bin_25-contigs	contig_1916
Bin_25-contigs	contig_3259
Bin_25-contigs	contig_1674
Bin_25-contigs	contig_2215
Bin_25-contigs	contig_2787
Bin_25-contigs	contig_2954
Bin_25-contigs	contig_202
Bin_25-contigs	contig_3138
Bin_25-contigs	contig_2913
Bin_25-contigs	contig_2885
Bin_25-contigs	contig_1153
Bin_25-contigs	contig_2587
Bin_25-contigs	contig_2922
Bin_25-contigs	contig_1509
Bin_25-contigs	contig_2433
Bin_25-contigs	contig_646
Bin_25-contigs	contig_246
Bin_25-contigs	contig_282
Bin_25-contigs	contig_3232
Bin_25-contigs	contig_2677
Bin_25-contigs	contig_3271
Bin_25-contigs	contig_2471
Bin_25-contigs	contig_370
Bin_25-contigs	contig_2815
Bin_25-contigs	contig_2325
Bin_25-contigs	contig_3066
Bin_25-contigs	contig_383
Bin_25-contigs	contig_140
Bin_25-contigs	contig_2586
Bin_25-contigs	contig_987
Bin_25-contigs	contig_2853
Bin_25-contigs	contig_139
Bin_25-contigs	contig_1297
Bin_25-contigs	contig_2175
Bin_25-contigs	contig_1513
Bin_25-contigs	contig_2645
Bin_25-contigs	contig_407
Bin_25-contigs	contig_2520
Bin_25-contigs	contig_787
Bin_25-contigs	contig_1007
Bin_25-contigs	contig_2633
Bin_25-contigs	contig_3153
Bin_25-contigs	contig_1167
Bin_25-contigs	contig_3375
Bin_25-contigs	contig_1008
Bin_25-contigs	contig_1804
Bin_25-contigs	contig_3194
Bin_25-contigs	contig_899
Bin_25-contigs	contig_166
Bin_25-contigs	contig_2394
Bin_25-contigs	contig_1260
Bin_25-contigs	contig_2778
Bin_25-contigs	contig_2826
Bin_25-contigs	contig_109
Bin_25-contigs	contig_1641
Bin_25-contigs	contig_2573
Bin_25-contigs	contig_2499
Bin_25-contigs	contig_2990
Bin_25-contigs	contig_1946
Bin_25-contigs	contig_1545
Bin_25-contigs	contig_466
Bin_25-contigs	contig_1587
Bin_25-contigs	contig_1515
Bin_25-contigs	contig_1422
Bin_25-contigs	contig_3591
Bin_25-contigs	contig_284
Bin_25-contigs	contig_3061
Bin_25-contigs	contig_2200
Bin_25-contigs	contig_283
Bin_25-contigs	contig_1957
Bin_25-contigs	contig_1572
Bin_25-contigs	contig_2253
Bin_25-contigs	contig_201
Bin_25-contigs	contig_1777
Bin_25-contigs	contig_3148
Bin_25-contigs	contig_2513
Bin_25-contigs	contig_3225
Bin_25-contigs	contig_2225
Bin_25-contigs	contig_1790
Bin_25-contigs	contig_2074
Bin_25-contigs	contig_2029
Bin_25-contigs	contig_1808
Bin_25-contigs	contig_465
Bin_25-contigs	contig_3492
Bin_25-contigs	contig_1489
Bin_25-contigs	contig_1656
Bin_25-contigs	contig_463
Bin_25-contigs	contig_2273
Bin_25-contigs	contig_468
Bin_25-contigs	contig_1622
Bin_25-contigs	contig_2958
Bin_25-contigs	contig_2678
Bin_25-contigs	contig_2322
Bin_25-contigs	contig_2962
Bin_25-contigs	contig_1999
Bin_25-contigs	contig_1948
Bin_25-contigs	contig_2352
Bin_25-contigs	contig_2289
Bin_25-contigs	contig_1316
Bin_25-contigs	contig_3112
Bin_25-contigs	contig_3072
Bin_25-contigs	contig_1128
Bin_25-contigs	contig_3442
Bin_26-contigs	contig_1349
Bin_26-contigs	contig_1950
Bin_26-contigs	contig_2421
Bin_26-contigs	contig_1542
Bin_26-contigs	contig_43
Bin_26-contigs	contig_2596
Bin_26-contigs	contig_3297
Bin_26-contigs	contig_3052
Bin_26-contigs	contig_438
Bin_26-contigs	contig_2991
Bin_26-contigs	contig_40
Bin_26-contigs	contig_3213
Bin_26-contigs	contig_885
Bin_26-contigs	contig_505
Bin_26-contigs	contig_964
Bin_26-contigs	contig_947
Bin_26-contigs	contig_152
Bin_26-contigs	contig_3429
Bin_26-contigs	contig_770
Bin_26-contigs	contig_1058
Bin_26-contigs	contig_3561
Bin_26-contigs	contig_2722
Bin_26-contigs	contig_2142
Bin_26-contigs	contig_633
Bin_26-contigs	contig_461
Bin_26-contigs	contig_869
Bin_26-contigs	contig_3559
Bin_26-contigs	contig_1254
Bin_26-contigs	contig_3141
Bin_26-contigs	contig_1583
Bin_26-contigs	contig_552
Bin_26-contigs	contig_535
Bin_26-contigs	contig_316
Bin_26-contigs	contig_3261
Bin_26-contigs	contig_1503
Bin_26-contigs	contig_1246
Bin_26-contigs	contig_602
Bin_26-contigs	contig_150
Bin_26-contigs	contig_495
Bin_26-contigs	contig_948
Bin_26-contigs	contig_3143
Bin_26-contigs	contig_2814
Bin_26-contigs	contig_1380
Bin_26-contigs	contig_2978
Bin_26-contigs	contig_179
Bin_26-contigs	contig_1052
Bin_26-contigs	contig_550
Bin_26-contigs	contig_1367
Bin_26-contigs	contig_703
Bin_26-contigs	contig_500
Bin_26-contigs	contig_3324
Bin_26-contigs	contig_474
Bin_26-contigs	contig_3578
Bin_26-contigs	contig_603
Bin_26-contigs	contig_504
Bin_26-contigs	contig_3424
Bin_26-contigs	contig_1658
Bin_26-contigs	contig_2766
Bin_26-contigs	contig_598
Bin_26-contigs	contig_907
Bin_26-contigs	contig_592
Bin_26-contigs	contig_1639
Bin_26-contigs	contig_129
Bin_26-contigs	contig_908
Bin_26-contigs	contig_360
Bin_26-contigs	contig_2349
Bin_26-contigs	contig_2487
Bin_26-contigs	contig_2738
Bin_26-contigs	contig_3554
Bin_26-contigs	contig_2698
Bin_26-contigs	contig_2338
Bin_26-contigs	contig_1566
Bin_26-contigs	contig_2537
Bin_26-contigs	contig_2605
Bin_26-contigs	contig_2802
Bin_26-contigs	contig_2740
Bin_26-contigs	contig_446
Bin_26-contigs	contig_3301
Bin_26-contigs	contig_779
Bin_26-contigs	contig_756
Bin_26-contigs	contig_2725
Bin_26-contigs	contig_507
Bin_26-contigs	contig_1216
Bin_26-contigs	contig_418
Bin_26-contigs	contig_230
Bin_26-contigs	contig_1365
Bin_26-contigs	contig_771
Bin_26-contigs	contig_435
Bin_26-contigs	contig_442
Bin_26-contigs	contig_2693
Bin_26-contigs	contig_1104
Bin_26-contigs	contig_777
Bin_26-contigs	contig_2141
Bin_26-contigs	contig_1881
Bin_26-contigs	contig_147
Bin_26-contigs	contig_2403
Bin_26-contigs	contig_2071
Bin_26-contigs	contig_419
Bin_26-contigs	contig_3488
Bin_26-contigs	contig_3282
Bin_26-contigs	contig_699
Bin_26-contigs	contig_610
Bin_26-contigs	contig_924
Bin_26-contigs	contig_1463
Bin_26-contigs	contig_2171
Bin_26-contigs	contig_436
Bin_26-contigs	contig_1836
Bin_26-contigs	contig_1056
Bin_26-contigs	contig_1082
Bin_26-contigs	contig_1819
Bin_26-contigs	contig_569
Bin_26-contigs	contig_3106
Bin_26-contigs	contig_772
Bin_26-contigs	contig_2218
Bin_26-contigs	contig_1057
Bin_26-contigs	contig_510
Bin_26-contigs	contig_300
Bin_26-contigs	contig_3273
Bin_26-contigs	contig_926
Bin_26-contigs	contig_1333
Bin_26-contigs	contig_456
Bin_26-contigs	contig_193
Bin_26-contigs	contig_3497
Bin_26-contigs	contig_2254
Bin_26-contigs	contig_2276
Bin_26-contigs	contig_778
Bin_26-contigs	contig_2275
Bin_26-contigs	contig_266
Bin_26-contigs	contig_2532
Bin_26-contigs	contig_626
Bin_26-contigs	contig_1366
Bin_26-contigs	contig_529
Bin_26-contigs	contig_1497
Bin_26-contigs	contig_2313
Bin_26-contigs	contig_1352
Bin_26-contigs	contig_1715
Bin_26-contigs	contig_2933
Bin_26-contigs	contig_3323
Bin_26-contigs	contig_3532
Bin_26-contigs	contig_1002
Bin_26-contigs	contig_959
Bin_26-contigs	contig_174
Bin_26-contigs	contig_293
Bin_26-contigs	contig_445
Bin_26-contigs	contig_3281
Bin_26-contigs	contig_267
Bin_26-contigs	contig_2604
Bin_26-contigs	contig_2769
Bin_26-contigs	contig_61
Bin_26-contigs	contig_2314
Bin_26-contigs	contig_586
Bin_26-contigs	contig_923
Bin_26-contigs	contig_1281
Bin_26-contigs	contig_3316
Bin_27-contigs	contig_1397
Bin_27-contigs	contig_958
Bin_27-contigs	contig_1708
Bin_27-contigs	contig_3304
Bin_27-contigs	contig_3368
Bin_27-contigs	contig_1630
Bin_27-contigs	contig_1218
Bin_27-contigs	contig_1116
Bin_27-contigs	contig_3372
Bin_2-contigs	contig_1686
Bin_2-contigs	contig_2058
Bin_2-contigs	contig_2834
Bin_2-contigs	contig_2163
Bin_2-contigs	contig_675
Bin_2-contigs	contig_2460
Bin_2-contigs	contig_2613
Bin_2-contigs	contig_1304
Bin_2-contigs	contig_805
Bin_2-contigs	contig_791
Bin_2-contigs	contig_1495
Bin_2-contigs	contig_3510
Bin_2-contigs	scaffold_677
Bin_2-contigs	contig_676
Bin_2-contigs	contig_2999
Bin_2-contigs	contig_2907
Bin_2-contigs	contig_3502
Bin_2-contigs	contig_1181_partial_242607_343318
Bin_2-contigs	contig_2528
Bin_2-contigs	contig_2372
Bin_2-contigs	contig_3467
Bin_2-contigs	contig_3511
Bin_2-contigs	contig_3500
Bin_2-contigs	contig_3337
Bin_2-contigs	contig_678
Bin_2-contigs	contig_3305
Bin_2-contigs	contig_3008
Bin_2-contigs	contig_2249
Bin_2-contigs	contig_974
Bin_2-contigs	contig_2176
Bin_2-contigs	contig_2688
Bin_2-contigs	contig_1885
Bin_2-contigs	contig_1200
Bin_2-contigs	contig_1404
Bin_2-contigs	contig_3536
Bin_2-contigs	contig_836
Bin_2-contigs	contig_2088
Bin_2-contigs	contig_1724
Bin_2-contigs	contig_3306
Bin_2-contigs	contig_1322
Bin_2-contigs	contig_1272
Bin_2-contigs	contig_2049
Bin_2-contigs	contig_2278
Bin_2-contigs	contig_3336
Bin_2-contigs	contig_727
Bin_2-contigs	contig_2673
Bin_2-contigs	contig_2095
Bin_2-contigs	contig_3462
Bin_4-contigs	contig_2496
Bin_4-contigs	contig_2971
Bin_4-contigs	contig_2100
Bin_4-contigs	contig_2455
Bin_4-contigs	contig_1344
Bin_4-contigs	contig_1902
Bin_4-contigs	contig_2495
Bin_4-contigs	contig_1131
Bin_4-contigs	contig_2567
Bin_4-contigs	contig_3266
Bin_4-contigs	contig_531
Bin_4-contigs	contig_2575
Bin_4-contigs	contig_1907
Bin_4-contigs	contig_2245
Bin_4-contigs	contig_1461
Bin_4-contigs	contig_493
Bin_4-contigs	contig_1684
Bin_4-contigs	contig_2334
Bin_4-contigs	contig_2076
Bin_4-contigs	contig_1348
Bin_4-contigs	contig_2134
Bin_4-contigs	contig_483
Bin_4-contigs	contig_547
Bin_4-contigs	contig_2413
Bin_4-contigs	contig_2943
Bin_4-contigs	contig_632
Bin_4-contigs	contig_589
Bin_4-contigs	contig_2206
Bin_4-contigs	contig_1719
Bin_4-contigs	contig_2734
Bin_4-contigs	contig_1342
Bin_4-contigs	contig_2931
Bin_4-contigs	contig_1336
Bin_4-contigs	contig_3472
Bin_4-contigs	contig_781
Bin_4-contigs	contig_2524
Bin_4-contigs	contig_588
Bin_4-contigs	contig_2067
Bin_4-contigs	contig_587
Bin_4-contigs	contig_2891
Bin_4-contigs	contig_583
Bin_4-contigs	contig_1442
Bin_4-contigs	contig_2670
Bin_4-contigs	contig_2099
Bin_4-contigs	contig_362
Bin_4-contigs	contig_458
Bin_4-contigs	contig_2606
Bin_4-contigs	contig_764
Bin_4-contigs	contig_3055
Bin_4-contigs	contig_780
Bin_4-contigs	contig_2653
Bin_4-contigs	contig_2713
Bin_4-contigs	contig_457
Bin_4-contigs	contig_3082
Bin_4-contigs	contig_2133
Bin_4-contigs	contig_1059
Bin_4-contigs	contig_513
Bin_4-contigs	contig_1685
Bin_4-contigs	contig_2182
Bin_4-contigs	contig_3099
Bin_4-contigs	contig_2371
Bin_4-contigs	contig_1967
Bin_5-contigs	contig_1262
Bin_5-contigs	contig_1264
Bin_5-contigs	contig_1644
Bin_5-contigs	contig_2699
Bin_5-contigs	scaffold_3564
Bin_5-contigs	contig_2706
Bin_5-contigs	contig_1643
Bin_5-contigs	contig_2705
Bin_6-contigs	contig_2207
Bin_6-contigs	contig_3114
Bin_6-contigs	contig_1821
Bin_6-contigs	contig_2536
Bin_6-contigs	contig_2255
Bin_6-contigs	contig_2531
Bin_6-contigs	contig_2827
Bin_6-contigs	contig_1510
Bin_6-contigs	contig_2305
Bin_6-contigs	contig_1311
Bin_6-contigs	contig_1785
Bin_6-contigs	contig_1648
Bin_6-contigs	contig_1865
Bin_6-contigs	contig_2974
Bin_6-contigs	contig_2642
Bin_6-contigs	contig_2837
Bin_6-contigs	contig_2287
Bin_6-contigs	contig_2752
Bin_6-contigs	contig_631
Bin_6-contigs	contig_2967
Bin_6-contigs	contig_1858
Bin_6-contigs	contig_2798
Bin_6-contigs	contig_1706
Bin_6-contigs	contig_2507
Bin_6-contigs	contig_1371
Bin_6-contigs	contig_3589
Bin_6-contigs	contig_3080
Bin_6-contigs	contig_2348
Bin_6-contigs	contig_2166
Bin_6-contigs	contig_2139
Bin_6-contigs	contig_2271
Bin_6-contigs	contig_2153
Bin_6-contigs	contig_2538
Bin_6-contigs	contig_1855
Bin_6-contigs	contig_1818
Bin_6-contigs	contig_3013
Bin_6-contigs	contig_2773
Bin_6-contigs	contig_3090
Bin_6-contigs	contig_1327
Bin_6-contigs	contig_858
Bin_6-contigs	contig_651
Bin_6-contigs	contig_2627
Bin_6-contigs	contig_3198
Bin_6-contigs	contig_2860
Bin_6-contigs	contig_3029
Bin_6-contigs	contig_2226
Bin_6-contigs	contig_1992
Bin_6-contigs	contig_2906
Bin_6-contigs	contig_1864
Bin_6-contigs	contig_860
Bin_6-contigs	contig_1776
Bin_6-contigs	contig_3012
Bin_6-contigs	contig_2250
Bin_6-contigs	contig_808
Bin_6-contigs	contig_2145
Bin_6-contigs	contig_2727
Bin_6-contigs	contig_1850
Bin_6-contigs	contig_3175
Bin_6-contigs	contig_2016
Bin_6-contigs	contig_2902
Bin_6-contigs	contig_2270
Bin_6-contigs	contig_2425
Bin_6-contigs	contig_2138
Bin_6-contigs	contig_2824
Bin_6-contigs	contig_1936
Bin_6-contigs	contig_2761
Bin_6-contigs	contig_2652
Bin_6-contigs	contig_2869
Bin_6-contigs	contig_1889
Bin_6-contigs	contig_1025
Bin_6-contigs	contig_945
Bin_6-contigs	contig_3174
Bin_6-contigs	contig_3132
Bin_6-contigs	contig_2272
Bin_6-contigs	contig_1599
Bin_6-contigs	contig_2368
Bin_6-contigs	contig_1224
Bin_6-contigs	contig_1329
Bin_6-contigs	contig_783
Bin_6-contigs	contig_2109
Bin_6-contigs	contig_1642
Bin_6-contigs	contig_2626
Bin_6-contigs	contig_1811
Bin_6-contigs	contig_1966
Bin_6-contigs	contig_2051
Bin_6-contigs	contig_2167
Bin_6-contigs	contig_1775
Bin_6-contigs	contig_1923
Bin_6-contigs	contig_1919
Bin_6-contigs	contig_3452
Bin_6-contigs	contig_3069
Bin_6-contigs	contig_3209
Bin_6-contigs	contig_2127
Bin_6-contigs	contig_2595
Bin_6-contigs	contig_2486
Bin_6-contigs	contig_1958
Bin_6-contigs	contig_2117
Bin_6-contigs	contig_2996
Bin_6-contigs	contig_2800
Bin_7-contigs	contig_1872
Bin_7-contigs	contig_2220
Bin_7-contigs	contig_3435
Bin_7-contigs	contig_1398
Bin_7-contigs	contig_674
Bin_7-contigs	contig_1795
Bin_8-contigs	contig_3357
Bin_8-contigs	contig_792
Bin_8-contigs	contig_2963
Bin_8-contigs	contig_2191
Bin_8-contigs	contig_2714
Bin_8-contigs	contig_1547
Bin_8-contigs	contig_1036
Bin_8-contigs	contig_1400
Bin_8-contigs	contig_1257
Bin_8-contigs	contig_2975
Bin_8-contigs	contig_2926
Bin_8-contigs	contig_2342
Bin_8-contigs	contig_840
Bin_8-contigs	contig_1710
Bin_8-contigs	contig_2686
Bin_8-contigs	contig_1742
Bin_8-contigs	contig_1549
Bin_8-contigs	contig_3362
Bin_8-contigs	contig_1063
Bin_8-contigs	contig_2104
Bin_8-contigs	contig_2222
Bin_8-contigs	contig_2833
Bin_8-contigs	contig_3358
Bin_8-contigs	contig_2856
Bin_8-contigs	contig_1716
Bin_8-contigs	contig_3411
Bin_8-contigs	contig_1326
Bin_8-contigs	contig_2211
Bin_8-contigs	contig_1014
Bin_8-contigs	contig_1258
Bin_8-contigs	contig_843
Bin_8-contigs	contig_1328
Bin_8-contigs	contig_2578
Bin_8-contigs	contig_649
Bin_8-contigs	contig_1256
Bin_8-contigs	contig_1332
Bin_8-contigs	contig_3158
Bin_8-contigs	contig_3557
Bin_8-contigs	contig_3191
Bin_8-contigs	contig_1325
Bin_8-contigs	contig_1038
Bin_8-contigs	contig_2838
Bin_8-contigs	contig_3359
Bin_8-contigs	contig_1482
Bin_8-contigs	contig_3005
Bin_8-contigs	contig_3211
Bin_8-contigs	contig_2877
Bin_8-contigs	contig_3031
Bin_8-contigs	contig_2591
Bin_8-contigs	contig_2707
Bin_8-contigs	contig_3117
Bin_8-contigs	contig_2170
Bin_8-contigs	contig_1086
Bin_8-contigs	contig_1481
Bin_8-contigs	contig_3445
Bin_8-contigs	contig_3038
Bin_8-contigs	contig_1020
Bin_8-contigs	contig_1479
Bin_8-contigs	contig_3527
Bin_8-contigs	contig_2203
Bin_8-contigs	contig_1098
Bin_8-contigs	contig_1399
Bin_8-contigs	contig_1963
Bin_8-contigs	contig_3360
Bin_8-contigs	contig_1097
Bin_8-contigs	contig_2144
Bin_8-contigs	contig_2546
Bin_8-contigs	contig_3022
Bin_8-contigs	contig_3073
Bin_8-contigs	contig_2890
Bin_8-contigs	contig_1034
Bin_8-contigs	contig_3155
Bin_8-contigs	contig_2559
Bin_8-contigs	contig_2204
Bin_8-contigs	contig_2940
Bin_8-contigs	contig_2199
Bin_8-contigs	contig_2657
Bin_8-contigs	contig_1480
Bin_8-contigs	contig_2845
Bin_8-contigs	contig_2930
Bin_8-contigs	contig_2264
Bin_8-contigs	contig_2948
Bin_8-contigs	contig_2516
Bin_8-contigs	contig_1477
Bin_8-contigs	contig_3166
Bin_8-contigs	contig_1255
Bin_8-contigs	contig_1501
Bin_8-contigs	contig_1035
Bin_8-contigs	contig_1478
Bin_8-contigs	contig_3002
Bin_8-contigs	contig_2431
Bin_8-contigs	contig_1788
Bin_8-contigs	contig_2030
Bin_8-contigs	contig_2964
Bin_8-contigs	contig_2304
Bin_8-contigs	contig_2888
Bin_8-contigs	contig_1969
Bin_8-contigs	contig_1033
Bin_8-contigs	contig_3145
Bin_8-contigs	contig_1409
Bin_8-contigs	contig_2300
Bin_8-contigs	contig_868
Bin_8-contigs	contig_600
Bin_8-contigs	contig_1263
Bin_8-contigs	contig_2852
Bin_8-contigs	contig_3167
Bin_8-contigs	contig_3095
Bin_8-contigs	contig_2376
Bin_8-contigs	contig_2444
Bin_8-contigs	contig_2477
Bin_8-contigs	contig_2687
Bin_8-contigs	contig_842
Bin_8-contigs	contig_2054
Bin_8-contigs	contig_1859
Bin_8-contigs	contig_2048
Bin_8-contigs	contig_2628
Bin_8-contigs	contig_3160
Bin_8-contigs	contig_2841
Bin_8-contigs	contig_2708
Bin_8-contigs	contig_3423
Bin_8-contigs	contig_3361
Bin_8-contigs	contig_2674
Bin_8-contigs	contig_2927
Bin_8-contigs	contig_2617
Bin_8-contigs	contig_2152
Bin_8-contigs	contig_3098
Bin_8-contigs	contig_2635
Bin_8-contigs	contig_2917
Bin_8-contigs	contig_2829
Bin_8-contigs	contig_1096
Bin_8-contigs	contig_1546
Bin_8-contigs	contig_3058
Bin_8-contigs	contig_1324
Bin_8-contigs	contig_2554
Bin_8-contigs	contig_3065
Bin_8-contigs	contig_2625
Bin_9-contigs	contig_1589
Bin_9-contigs	contig_2143
Bin_9-contigs	contig_634
Bin_9-contigs	contig_1761
Bin_9-contigs	contig_2261
Bin_9-contigs	contig_1511
Bin_9-contigs	contig_3518
Bin_9-contigs	contig_3041
Bin_9-contigs	contig_1843
Bin_9-contigs	contig_1585
Bin_9-contigs	contig_3341
Bin_9-contigs	contig_1437
Bin_9-contigs	contig_414
Bin_9-contigs	contig_2119
Bin_9-contigs	contig_3538
Bin_9-contigs	contig_3425
Bin_9-contigs	contig_3043
Bin_9-contigs	contig_2177
Bin_9-contigs	contig_1893
Bin_9-contigs	contig_2382
Bin_9-contigs	contig_2697
Bin_9-contigs	contig_3371
Bin_9-contigs	contig_2260
Bin_9-contigs	contig_3203
Bin_9-contigs	contig_1050
Bin_9-contigs	contig_1575
Bin_9-contigs	contig_1672
Bin_9-contigs	contig_3349
Bin_9-contigs	contig_3276
Bin_9-contigs	contig_2743
Bin_9-contigs	contig_2928
Bin_9-contigs	contig_2805
Bin_9-contigs	contig_3109
Bin_9-contigs	contig_2448
Bin_9-contigs	contig_2644
Bin_9-contigs	contig_1974
Bin_9-contigs	contig_566
Bin_9-contigs	contig_981
Bin_9-contigs	contig_3574
Bin_9-contigs	contig_1829
Bin_9-contigs	contig_2208
Bin_9-contigs	contig_1062
Bin_9-contigs	contig_1694
Bin_9-contigs	contig_2178
Bin_9-contigs	contig_2047
Bin_9-contigs	contig_2612
Bin_9-contigs	contig_2609
Bin_9-contigs	contig_2850
Bin_9-contigs	contig_146
Bin_9-contigs	contig_2458
Bin_9-contigs	contig_3508
Bin_9-contigs	contig_3254
Bin_9-contigs	contig_508
Bin_9-contigs	contig_3516
Bin_9-contigs	contig_2887
Bin_9-contigs	contig_2147
Bin_9-contigs	contig_1412
Bin_9-contigs	contig_2056
Bin_9-contigs	contig_1862
Bin_9-contigs	contig_163
Bin_9-contigs	contig_1687
Bin_9-contigs	contig_2484
Bin_9-contigs	contig_2398
Bin_9-contigs	contig_2658
Bin_9-contigs	contig_3169
Bin_9-contigs	contig_1378
Bin_9-contigs	contig_1614
Bin_9-contigs	contig_2096
Bin_9-contigs	contig_3146
Bin_9-contigs	contig_3051
Bin_9-contigs	contig_2965
Bin_9-contigs	contig_2892
Bin_9-contigs	contig_1568
Bin_9-contigs	contig_555
Bin_9-contigs	contig_2522
Bin_9-contigs	contig_775
Bin_9-contigs	contig_773
Bin_9-contigs	contig_3420
Bin_9-contigs	contig_2190
Bin_9-contigs	contig_2192
Bin_9-contigs	contig_2201
Bin_9-contigs	contig_3093
Bin_9-contigs	contig_630
Bin_9-contigs	contig_1377
Bin_9-contigs	contig_3176
Bin_9-contigs	contig_2865
Bin_9-contigs	contig_3443
Bin_9-contigs	contig_3556
Bin_9-contigs	contig_3086
Bin_9-contigs	contig_1408
Bin_9-contigs	contig_2785
Bin_9-contigs	contig_1646
Bin_9-contigs	contig_2399
Bin_9-contigs	contig_1952
Bin_9-contigs	contig_337
Bin_9-contigs	contig_1347
Bin_9-contigs	contig_1892
Bin_9-contigs	contig_2857
Bin_9-contigs	contig_704
Bin_9-contigs	contig_1689
Bin_9-contigs	contig_3501
Bin_9-contigs	contig_2915
Bin_9-contigs	contig_2796
Bin_9-contigs	contig_3342
Bin_9-contigs	contig_3584
Bin_9-contigs	contig_1334
Bin_9-contigs	contig_718
Bin_9-contigs	contig_1760
Bin_9-contigs	contig_1954
Bin_9-contigs	contig_2303
Bin_9-contigs	contig_3519
Bin_9-contigs	contig_1385
Bin_9-contigs	contig_3129
Bin_13_6-contigs	contig_2703
Bin_13_6-contigs	contig_355
Bin_13_6-contigs	contig_398
Bin_13_6-contigs	contig_94
Bin_13_6-contigs	contig_1091
Bin_13_6-contigs	contig_898
Bin_13_6-contigs	contig_1107
Bin_13_6-contigs	contig_405
Bin_13_6-contigs	contig_881
Bin_13_6-contigs	contig_3258
Bin_13_6-contigs	contig_1598
Bin_13_6-contigs	contig_448
Bin_13_6-contigs	contig_1529
Bin_13_6-contigs	contig_1995
Bin_13_6-contigs	contig_916
Bin_13_6-contigs	contig_471
Bin_13_6-contigs	contig_522
Bin_13_6-contigs	contig_810
Bin_13_6-contigs	contig_367
Bin_13_6-contigs	contig_2672
Bin_13_6-contigs	contig_903
Bin_13_6-contigs	contig_3311
Bin_13_6-contigs	contig_1996
Bin_13_6-contigs	contig_3246
Bin_13_6-contigs	contig_523
Bin_13_6-contigs	contig_364
Bin_13_6-contigs	contig_3268
Bin_13_6-contigs	contig_939
Bin_13_6-contigs	contig_2375
Bin_13_7-contigs	contig_1005
Bin_13_7-contigs	contig_784
Bin_13_7-contigs	contig_406
Bin_13_7-contigs	contig_424
Bin_13_7-contigs	contig_261
Bin_13_7-contigs	contig_432
Bin_13_7-contigs	contig_497
Bin_13_7-contigs	contig_496
Bin_13_7-contigs	contig_404
Bin_13_7-contigs	contig_1070
Bin_13_7-contigs	contig_917
Bin_13_7-contigs	contig_952
Bin_13_8-contigs	contig_1849
Bin_13_8-contigs	contig_2359
Bin_13_8-contigs	contig_1111
Bin_13_8-contigs	contig_1121
Bin_13_8-contigs	contig_366
Bin_13_8-contigs	contig_1650
Bin_13_8-contigs	contig_482
Bin_13_8-contigs	contig_1219
Bin_13_8-contigs	contig_3430
Bin_13_8-contigs	contig_413
Bin_13_8-contigs	contig_1665
Bin_13_8-contigs	contig_400
Bin_13_8-contigs	contig_3255
Bin_13_8-contigs	contig_481
Bin_13_8-contigs	contig_503
Bin_13_8-contigs	contig_335
Bin_13_8-contigs	contig_3244
Bin_13_8-contigs	contig_2129
Bin_13_8-contigs	contig_1207
Bin_13_8-contigs	contig_341
Bin_13_8-contigs	contig_3250
Bin_13_8-contigs	contig_1202
Bin_13_8-contigs	contig_19
Bin_13_8-contigs	contig_3388
Bin_13_8-contigs	contig_2810
Bin_13_8-contigs	contig_3352
Bin_13_8-contigs	contig_2017
Bin_13_8-contigs	contig_1024
Bin_13_8-contigs	contig_1115
Bin_13_8-contigs	contig_3275
Bin_13_8-contigs	contig_1662
Bin_13_8-contigs	contig_1004
Bin_13_8-contigs	contig_2155
Bin_13_8-contigs	contig_368
Bin_13_8-contigs	contig_941
Bin_13_8-contigs	contig_1318
Bin_13_8-contigs	contig_1652
Bin_13_8-contigs	contig_105
Bin_13_8-contigs	contig_652
Bin_13_8-contigs	contig_2423
Bin_13_8-contigs	contig_1653
Bin_13_8-contigs	contig_1664
Bin_13_8-contigs	contig_2285
Bin_13_8-contigs	contig_2746
Bin_13_8-contigs	contig_5
Bin_13_8-contigs	contig_385
Bin_13_8-contigs	contig_668
Bin_13_8-contigs	contig_702
Bin_13_8-contigs	contig_353
Bin_13_8-contigs	contig_137
